orange_area_fraction,deltaE_from_background,log10_seconds,seconds
0.3147,9.1014,3.1867,1537.1
0.9292,11.1091,4.1808,15163.6
0.39111,10.1041,3.73683,5455.5
0.19482,6.1074,1.72582,53.2
0.1438,12.5713,1.99966,99.9
0.98535,14.9469,4.09437,12427.0
0.01733,8.9711,0.92233,8.4
0.89038,6.9823,3.90321,8002.2
0.28589,16.6006,3.81495,6530.6
0.81128,5.9915,2.61256,409.8
0.0,0.0,2.01013,102.4
0.31738,13.5605,1.92024,83.2
0.13696,9.2899,1.83418,68.3
0.16992,10.7402,2.52905,338.1
0.54858,5.1939,2.74631,557.6
0.5249,6.3257,2.92513,841.7
0.99951,0.0066,4.53986,34662.8
0.29077,11.6765,3.79885,6292.9
0.41357,9.4324,3.17604,1499.8
0.99829,17.766,4.51597,32807.4
0.0,0.0,1.68966,48.9
0.97998,8.133,1.48838,30.8
0.22876,12.8002,3.14083,1383.0
0.0022,11.7349,1.06362,11.6
0.3374,2.8759,1.03344,10.8
0.30249,9.6698,2.78409,608.3
0.11401,8.9582,2.60624,403.9
0.99805,10.8259,4.2537,17934.9
0.5481,7.6407,3.20179,1591.4
0.97192,8.0692,2.78127,604.3
1.0,0.0,2.71827,522.7
0.01245,14.3435,1.80731,64.2
0.0,0.0,0.94618,8.8
0.15039,12.6709,1.60598,40.4
0.26001,10.3389,3.43123,2699.2
0.01929,14.5603,1.63595,43.2
0.17383,8.4277,2.25308,179.1
0.0,0.0,0.91673,8.3
0.94873,14.412,3.93543,8618.5
0.9729,6.6451,1.46737,29.3
0.82007,5.9907,1.88069,76.0
0.45264,10.0746,4.11913,13156.2
0.18774,10.5948,2.76546,582.7
0.23315,9.4916,3.99791,9952.0
0.50098,10.5073,3.24011,1738.3
1.0,0.0,3.61294,4101.4
0.00366,9.2032,1.23734,17.3
0.18872,8.6946,2.88,758.6
0.54517,8.627,2.75809,572.9
0.46069,7.4215,4.08628,12197.7
0.30273,7.1711,2.22286,167.1
0.99829,12.7986,3.08838,1225.7
0.03003,8.8817,1.11955,13.2
0.0083,10.3043,2.31919,208.5
0.04443,11.8141,2.08321,121.1
0.10449,8.9077,1.4518,28.3
0.2146,15.1547,3.88535,7679.7
0.03906,11.0676,2.28929,194.7
1.0,0.0,4.47866,30106.8
1.0,0.0,3.05846,1144.1
0.06128,12.9622,3.11349,1298.6
0.62231,9.5094,3.23383,1713.3
0.2146,14.8128,3.37431,2367.6
1.0,0.0,1.45395,28.4
0.98315,9.5366,2.51165,324.8
0.05347,11.9996,1.77827,60.0
0.2063,8.1438,2.3735,236.3
0.01562,10.042,1.25637,18.0
0.92505,14.5327,4.43877,27464.5
0.02759,11.1445,1.68855,48.8
0.91113,10.7571,3.35719,2276.1
0.01196,20.269,2.00059,100.1
0.89209,13.8029,4.09628,12481.9
0.44971,11.6222,3.3223,2100.4
0.1792,7.444,1.38391,24.2
0.1897,10.5138,3.99033,9779.7
1.0,0.0,4.35519,22656.2
0.48706,8.8129,4.20529,16043.2
0.15063,10.5775,2.9844,964.7
0.24219,5.2882,1.43449,27.2
0.14062,10.3083,1.6062,40.4
0.98535,16.8391,4.29293,19630.3
0.13989,9.835,2.92086,833.4
0.2356,8.241,1.56269,36.5
0.80908,8.4083,4.13274,13574.9
0.2124,12.3733,3.24689,1765.6
0.98462,6.7153,2.9843,964.5
0.57178,7.2309,2.27775,189.6
0.08423,12.3101,2.4044,253.7
0.03564,17.4609,1.77799,60.0
0.00586,8.0501,1.04212,11.0
0.74536,7.0942,4.1041,12708.8
0.18726,10.4647,2.61181,409.1
0.19751,11.6417,2.90372,801.2
0.00269,20.0167,2.08002,120.2
0.42578,11.9864,3.64784,4444.7
0.9895,5.0268,0.99514,9.9
0.03101,8.3063,2.26276,183.1
0.00049,0.0082,1.01397,10.3
0.00464,12.1326,1.35204,22.5
0.91968,10.1116,4.43629,27307.9
0.49976,11.4803,3.30603,2023.2
0.10791,12.2594,2.46747,293.4
0.18115,11.519,2.81642,655.3
0.50635,7.4507,4.09165,12349.4
0.06714,13.6743,2.16056,144.7
0.44727,9.2268,3.05955,1147.0
0.84692,9.058,3.40073,2516.1
0.12476,9.1931,2.20149,159.0
0.02979,11.6029,2.79947,630.2
0.66162,10.774,3.6987,4996.9
0.40698,9.9209,4.22452,16769.3
0.26147,5.9395,1.45495,28.5
1.0,0.0,4.31307,20562.2
0.17578,3.5937,0.92201,8.4
0.60669,8.0718,3.65388,4506.9
0.82593,8.0152,3.86412,7313.4
0.0166,6.1497,1.40272,25.3
0.58545,6.6826,2.43343,271.3
0.99927,0.0116,3.88139,7610.2
0.0,0.0,0.95523,9.0
0.48291,7.3457,3.199,1581.2
0.43604,10.1479,3.80017,6312.1
0.09912,15.3563,2.7772,598.7
0.35229,11.0023,3.55477,3587.3
0.0,0.0,1.73026,53.7
0.0,0.0,1.62833,42.5
0.00757,10.0181,2.22967,169.7
0.0,0.0,1.5585,36.2
0.72192,6.9603,2.16733,147.0
0.5376,9.2015,4.36679,23269.6
0.07715,10.5694,2.9976,994.5
0.00928,14.4613,2.14543,139.8
0.04175,14.9651,1.89503,78.5
0.9353,16.435,4.38109,24048.8
0.12744,9.2555,2.52686,336.4
1.0,0.0,4.48468,30526.7
0.29175,11.4027,2.7864,611.5
0.40674,7.2304,2.80702,641.2
0.22021,9.8489,4.17834,15078.0
0.97656,10.6294,3.61658,4136.0
0.31201,8.4022,3.02434,1057.6
0.06714,13.1776,2.46173,289.6
0.73584,7.1327,4.1113,12921.0
0.15991,9.8831,2.40692,255.2
0.99927,0.0126,4.27413,18798.7
0.02246,9.7867,1.15412,14.3
0.0271,15.4089,2.47396,297.8
0.99365,10.0743,2.80099,632.4
1.0,0.0,4.37707,23827.0
0.39307,6.0994,1.82004,66.1
0.64233,11.283,3.84772,7042.4
0.19043,12.8046,3.37438,2368.0
0.88892,10.8842,3.52276,3332.4
0.19189,12.0074,3.20323,1596.7
0.99976,0.0047,4.45241,28340.5
0.01904,10.9877,2.11845,131.4
0.52661,7.5093,2.35808,228.1
0.00757,16.9704,1.64437,44.1
0.0,0.0,1.08832,12.3
0.00098,19.4906,1.68089,48.0
0.64404,10.1086,4.24748,17679.7
0.75708,12.2908,3.97241,9384.4
0.0,0.0,1.31373,20.6
0.96973,8.1133,3.10882,1284.8
0.20068,9.0532,2.6537,450.5
0.56519,6.4249,3.0756,1190.1
0.21216,13.8705,3.31156,2049.1
0.01807,22.9356,2.02338,105.5
0.62012,15.4316,4.41511,26008.1
0.04712,11.4608,2.6049,402.6
0.62256,9.4643,3.19768,1576.4
0.25952,10.6302,3.22371,1673.8
0.00244,20.2718,1.57488,37.6
0.00098,15.7805,1.1291,13.5
0.53003,7.3235,2.40645,254.9
0.85962,12.4747,3.69425,4946.0
0.76147,10.219,3.88127,7608.0
0.28931,9.8443,3.5699,3714.5
0.92993,5.156,1.31665,20.7
0.3728,11.0791,4.23977,17368.8
0.64429,7.5449,3.8331,6809.3
0.96899,13.6302,4.10948,12867.2
0.13574,8.8653,2.81483,652.9
0.84741,11.8727,4.2481,17705.2
0.47119,5.6106,1.07352,11.8
0.0,0.0,1.01374,10.3
0.0,0.0,0.97694,9.5
0.00488,22.9217,1.82651,67.1
0.35254,6.593,1.81117,64.7
0.57739,3.2076,1.58808,38.7
0.27588,9.869,2.97467,943.3
0.00586,9.1053,1.04551,11.1
0.99878,8.3076,3.0599,1147.9
0.0,0.0,1.50956,32.3
0.10522,14.8002,3.37951,2396.1
0.17407,4.8875,0.98008,9.6
0.18896,10.1129,2.03767,109.1
0.99365,14.4337,4.33105,21431.4
0.12695,11.1913,2.86997,741.3
0.24512,15.6444,3.86799,7378.9
0.38232,12.7472,3.307,2027.7
0.49561,6.9018,3.13429,1362.4
0.15601,13.3728,1.60178,40.0
1.0,0.0,3.00148,1003.4
0.23926,3.1266,1.04807,11.2
0.76807,12.2424,3.83174,6788.0
1.0,0.0,4.41043,25729.6
0.93896,9.8881,4.02297,10543.1
0.00024,0.0035,1.08834,12.3
0.0,0.0,2.14029,138.1
0.43066,4.5769,2.06482,116.1
0.00366,8.818,1.31487,20.6
0.81763,7.3408,3.19224,1556.8
0.20532,15.7093,3.81637,6552.0
0.87598,6.6445,2.04918,112.0
0.39209,10.1381,4.05512,11353.1
0.97803,14.7498,3.81516,6533.8
0.99121,10.6454,1.37486,23.7
0.88232,9.0546,3.70459,5065.1
0.28809,11.6639,4.12749,13411.9
0.00391,18.4875,1.62381,42.1
0.21948,10.4642,2.99872,997.1
0.19019,10.8137,3.23658,1724.2
0.71582,7.3167,3.12912,1346.2
0.0,0.0,1.2547,18.0
0.79785,10.244,3.31856,2082.4
0.43164,8.3096,3.21175,1628.4
0.25293,13.5841,3.91292,8183.1
0.26367,10.6705,3.83849,6894.3
0.09399,13.8199,2.0983,125.4
0.07935,13.8431,3.54088,3474.4
0.51807,8.7494,4.07142,11787.6
1.0,0.0,4.16522,14629.1
0.01587,15.922,1.49313,31.1
0.0,0.0,1.00064,10.0
0.21143,13.6584,3.28063,1908.2
0.30835,7.0855,1.68735,48.7
0.98999,6.704,2.96244,917.2
0.99976,0.006,4.35466,22628.8
1.0,0.0,2.28883,194.5
0.08057,14.5195,1.82653,67.1
0.3269,6.3908,2.57082,372.2
0.17969,14.9769,3.30414,2014.4
0.16895,7.5374,1.27243,18.7
0.27124,7.7578,2.29345,196.5
0.04761,5.6688,1.3916,24.6
0.41528,9.5639,3.32315,2104.5
0.82251,13.2245,3.93727,8655.2
0.02197,11.037,2.27982,190.5
0.87207,6.6755,2.26108,182.4
0.20898,12.0386,2.87408,748.3
0.98682,5.5363,1.68874,48.8
1.0,0.0,1.80693,64.1
0.23462,8.7893,2.10811,128.3
0.21436,9.1367,2.57416,375.1
0.00684,12.3231,1.20094,15.9
0.6792,9.8665,3.65298,4497.6
0.1709,10.3756,3.0185,1043.5
0.00903,17.6789,1.99794,99.5
0.08862,8.4474,1.18638,15.4
0.28125,11.2789,3.69115,4910.8
0.11523,8.4247,1.38195,24.1
0.98682,5.6943,1.38972,24.5
0.99731,10.4645,1.38051,24.0
0.03906,4.7247,1.19996,15.8
0.99146,11.1981,4.21433,16380.8
0.41235,7.6387,1.8867,77.0
0.80078,5.8208,2.02247,105.3
1.0,0.0,3.94546,8819.9
0.79834,10.1184,3.1678,1471.6
0.0188,15.9879,1.58676,38.6
0.37329,8.7941,2.49156,310.1
0.72241,8.4866,4.13225,13559.6
0.0791,7.8008,2.27441,188.1
1.0,0.0,3.50009,3162.9
0.10645,7.163,1.25675,18.1
0.26001,11.7748,3.56016,3632.1
0.61011,10.748,3.73971,5491.8
0.36963,12.9393,3.91979,8313.6
0.17993,16.5709,3.36609,2323.2
0.97266,9.186,2.25746,180.9
0.99951,0.0021,1.13767,13.7
1.0,0.0,2.79829,628.5
0.90967,6.827,3.67025,4680.1
0.00806,15.7505,1.60026,39.8
0.02246,15.8098,1.87571,75.1
0.30859,7.0152,2.86165,727.2
0.99927,0.009,3.6369,4334.2
0.6958,7.3462,4.17851,15083.8
0.8186,6.953,1.36245,23.0
0.84692,4.6628,1.57627,37.7
0.60352,9.2925,3.82397,6667.6
0.62036,8.6455,3.25766,1809.9
0.99976,0.0034,3.53696,3443.2
0.98242,17.6209,4.54451,35035.4
1.0,0.0,4.33411,21583.1
0.11963,10.9399,3.98284,9612.6
0.9978,15.9047,3.74206,5521.5
0.03003,11.4371,2.34618,221.9
0.17847,11.0895,3.24564,1760.5
0.07495,12.9666,1.57691,37.7
0.61719,12.3847,3.67768,4760.9
0.03125,11.9052,3.6711,4689.2
0.16113,14.5147,3.53813,3452.5
0.18433,12.2146,2.52804,337.3
0.99683,11.4546,2.28466,192.6
0.67505,5.7898,2.4366,273.3
0.55664,3.2555,1.02489,10.6
0.72168,8.998,3.98757,9717.9
0.06128,12.0852,2.88448,766.4
0.19702,8.5476,2.31878,208.3
1.0,0.0,2.90516,803.8
0.99658,9.8119,3.5394,3462.5
0.94189,6.259,2.29665,198.0
1.0,0.0,3.9376,8661.6
0.35327,13.4709,4.26208,18284.6
0.01636,8.2185,2.31846,208.2
0.00024,0.0028,1.40656,25.5
0.99976,0.0043,3.6809,4796.2
1.0,0.0,4.53054,33926.8
0.22949,3.6074,1.44372,27.8
0.74805,9.72,3.50665,3211.0
0.98389,13.7174,3.91817,8282.7
0.44263,12.4201,4.26613,18455.9
0.03003,11.7586,1.35383,22.6
0.93628,5.1481,1.23849,17.3
0.83398,16.2291,4.51199,32508.3
0.27832,5.9976,1.32963,21.4
0.98071,11.5748,1.54901,35.4
0.89844,9.1212,3.00352,1008.1
0.57715,5.2667,2.53342,341.5
0.43848,9.5862,3.64443,4409.9
0.0332,13.2449,1.59924,39.7
0.53394,8.5455,4.24369,17526.2
0.13306,7.9985,1.69655,49.7
0.47998,11.0054,3.71282,5162.0
0.00146,13.8479,1.15006,14.1
0.00928,15.6144,2.63253,429.1
0.01587,9.2322,1.02203,10.5
0.11304,17.038,2.04951,112.1
0.41602,8.689,2.04373,110.6
0.71265,10.3116,3.53248,3407.9
0.00024,0.0048,2.56537,367.6
0.00073,0.0158,1.1105,12.9
0.99609,23.4322,4.53936,34622.4
0.646,8.3185,4.1497,14115.5
0.96948,13.6879,4.25062,17808.0
0.12476,9.1291,1.80388,63.7
0.0188,12.5839,2.34286,220.2
0.73633,9.8287,1.73302,54.1
0.01416,12.9782,1.3594,22.9
0.979,9.9183,1.02373,10.6
1.0,0.0,2.74188,551.9
0.08057,8.9564,1.35292,22.5
0.95166,4.167,1.54717,35.3
0.30054,11.672,4.04659,11132.4
0.43677,6.0187,2.67213,470.0
0.15405,9.0498,1.5742,37.5
1.0,0.0,3.35025,2240.0
0.96167,9.9385,1.87435,74.9
0.99976,0.0037,2.8281,673.1
0.55273,8.8457,1.93678,86.5
0.5083,8.3575,2.78874,614.8
0.3396,8.9622,3.19926,1582.2
0.87695,5.9338,2.86197,727.7
0.0,0.0,2.34832,223.0
0.6438,11.7532,3.7921,6195.8
0.93237,9.6778,4.09394,12414.9
1.0,0.0,1.55837,36.2
0.22314,5.5977,1.40105,25.2
0.23877,3.9459,1.3166,20.7
0.98926,19.041,4.48177,30322.5
0.78003,12.0017,4.34292,22025.4
0.41016,7.6753,1.74577,55.7
0.95825,15.5261,4.44637,27949.1
0.01929,11.9436,1.66229,46.0
0.2229,9.0932,2.75335,566.7
0.08594,10.9102,2.72014,525.0
1.0,0.0,4.24562,17604.3
0.00269,6.9945,1.05115,11.2
0.07593,12.6944,2.05513,113.5
0.43384,8.8113,3.09493,1244.3
0.04126,9.1914,1.14566,14.0
0.00293,18.1647,1.76726,58.5
0.04004,16.6833,2.60207,400.0
0.81689,10.9199,4.12105,13214.4
0.94824,12.9363,3.68304,4819.9
0.74683,13.6092,3.93153,8541.5
0.8728,11.1923,3.68344,4824.4
0.12646,11.6903,3.48854,3080.0
1.0,0.0,4.0072,10167.2
0.54126,9.5389,3.39267,2469.8
0.16992,12.3969,3.5907,3896.7
0.98706,9.829,2.00506,101.2
0.00903,15.1794,1.51552,32.8
0.677,10.328,3.66684,4643.4
0.2688,8.9788,1.50893,32.3
0.99854,11.946,4.26206,18283.4
0.41943,9.256,3.08275,1209.9
0.19238,13.4513,2.10658,127.8
0.9978,13.3155,4.32485,21127.4
0.01514,10.7457,1.46981,29.5
0.22949,10.4442,2.78254,606.1
1.0,0.0,1.23756,17.3
0.99121,16.9872,4.43,26915.5
0.34888,10.6504,3.00506,1011.7
0.90112,9.6453,3.83905,6903.3
0.95532,9.5122,1.93301,85.7
0.65015,8.9673,3.83222,6795.5
0.13428,14.2746,3.47072,2956.1
0.14575,16.3919,3.2546,1797.2
0.98364,18.1596,4.3757,23751.9
0.1001,16.5518,2.48673,306.7
0.39746,8.35,2.4195,262.7
0.39453,11.2061,3.43156,2701.2
0.58496,9.447,3.95372,8989.3
0.56836,8.2412,2.12719,134.0
0.73267,10.6039,3.34949,2236.1
0.39111,8.5899,1.66675,46.4
0.65381,9.7246,2.91857,829.0
0.77002,8.1561,3.71304,5164.6
0.00635,10.0027,1.1417,13.9
0.7644,8.8731,3.56205,3648.0
0.18262,3.9735,0.95947,9.1
1.0,0.0,4.40415,25359.8
0.0708,13.1586,2.61524,412.3
0.06885,13.876,2.39751,249.8
0.71997,6.0814,3.53503,3427.9
0.92212,5.978,2.81481,652.8
0.18848,12.8134,3.57304,3741.4
0.0,0.0,1.21273,16.3
0.99951,0.0055,2.95909,910.1
0.05591,11.0639,2.94198,874.9
0.88916,9.554,4.3083,20337.6
0.00757,12.8523,1.04778,11.2
0.09204,11.9805,2.55734,360.9
0.66846,7.1773,3.20853,1616.3
0.01392,16.0984,2.91509,822.4
0.0,0.0,1.17402,14.9
0.15796,11.4972,3.07028,1175.7
0.98706,9.2678,1.71482,51.9
0.6333,7.2613,1.61747,41.4
0.74097,8.5717,4.11313,12975.8
0.40869,7.1458,1.62585,42.3
0.99316,12.4325,2.56271,365.4
0.98706,7.4546,3.64405,4406.0
0.65332,7.6662,3.48706,3069.5
0.38257,7.3798,2.92499,841.4
0.49463,12.7915,3.8514,7102.3
0.11987,10.4902,2.60482,402.5
0.16406,9.4896,3.16949,1477.4
0.98853,13.335,3.89477,7848.1
0.40747,11.5412,3.3803,2400.5
0.25439,12.9133,3.24783,1769.4
0.71704,4.1891,2.38676,243.6
0.0957,13.2015,2.94276,876.5
0.07886,12.4211,2.35006,223.9
1.0,0.0,3.62215,4189.4
0.15259,7.208,2.29288,196.3
0.41406,6.4536,2.60776,405.3
0.4707,9.6354,3.66294,4601.9
0.11621,10.0621,2.74305,553.4
0.02344,14.5048,2.13799,137.4
0.99561,16.1528,3.92364,8387.6
0.01123,13.1607,2.29483,197.2
0.99756,10.095,3.98906,9751.4
0.99902,15.9102,3.77174,5912.1
0.25854,8.6934,2.53713,344.5
0.92188,10.2333,3.50743,3216.9
0.00122,13.6335,1.02872,10.7
0.02026,10.5156,2.32711,212.4
1.0,0.0,4.04607,11119.2
0.96216,6.4888,3.02027,1047.8
0.08057,10.7509,2.94095,872.9
0.99414,11.6369,3.33152,2145.5
0.19678,12.1126,3.37877,2392.0
0.10034,15.4682,3.0351,1084.2
0.23022,9.7275,2.43974,275.3
0.99878,4.997,1.57339,37.4
0.0354,16.9422,1.97217,93.8
0.01294,16.5695,1.9732,94.0
0.2644,8.9246,2.47669,299.7
0.92896,17.4481,4.55286,35716.1
0.25317,7.9305,2.19104,155.3
0.52563,6.0864,2.53746,344.7
0.89893,6.3115,2.26072,182.3
0.99146,10.1231,3.02717,1064.6
1.0,0.0,4.36596,23225.5
0.82227,10.3433,4.15106,14160.0
0.07324,8.2537,2.28086,190.9
0.04395,12.1194,1.87814,75.5
0.67114,8.9712,4.13399,13614.0
0.32593,8.1991,2.70717,509.5
0.30835,8.496,3.40752,2555.7
0.00073,0.011,1.17084,14.8
1.0,0.0,4.06881,11716.8
0.00293,24.4162,2.04642,111.3
0.12793,9.5505,2.7097,512.5
0.1897,8.6228,1.6265,42.3
0.07495,12.3466,2.43833,274.4
0.57251,8.9421,3.92813,8474.8
0.48755,10.6018,3.92641,8441.4
0.19873,9.3598,2.63351,430.0
0.32959,8.4762,3.70843,5110.1
0.04517,15.1077,2.57651,377.1
0.27612,7.2632,2.26704,184.9
0.0376,12.8521,2.89734,789.5
0.96362,10.4271,1.63863,43.5
0.02124,14.1577,2.05956,114.7
1.0,0.0,3.48419,3049.2
0.67236,7.8272,3.71794,5223.3
0.0,0.0,1.11026,12.9
0.33447,13.2697,3.58026,3804.2
0.4707,13.4183,3.88934,7750.6
0.948,6.9435,2.52948,338.4
0.1145,6.8989,1.13125,13.5
0.85376,9.3115,3.39792,2499.9
0.00659,20.397,1.80238,63.4
0.20117,11.9377,3.25341,1792.3
1.0,0.0,2.27897,190.1
0.61035,9.0401,3.23078,1701.3
0.64404,8.6708,1.84611,70.2
0.02173,15.5438,2.64398,440.5
0.12036,9.3152,2.81984,660.4
0.37671,9.692,3.20832,1615.5
0.04297,14.6868,1.64531,44.2
0.9834,15.8982,4.41767,26161.8
0.0,0.0,1.95937,91.1
0.0188,16.3402,2.02105,105.0
0.57153,7.342,1.83945,69.1
0.08936,7.5015,1.1496,14.1
0.49854,7.7461,2.44812,280.6
0.80737,11.3465,3.72277,5281.7
0.08862,11.2106,3.49529,3128.2
0.03296,15.1528,1.61756,41.5
0.78931,5.704,1.40333,25.3
0.88745,6.0788,2.07733,119.5
0.43848,10.9655,3.70969,5124.9
0.15723,9.4367,2.68614,485.4
0.96533,12.1631,4.27568,18865.9
0.91455,8.1406,3.301,1999.9
0.33008,9.3335,3.17139,1483.9
0.81226,7.9682,3.70763,5100.7
0.90308,11.2677,3.64394,4405.0
0.06934,10.5577,2.1592,144.3
0.00024,0.0044,1.842,69.5
0.18896,9.444,2.50181,317.6
0.12402,14.3988,2.69041,490.2
0.05005,10.4183,1.42083,26.4
0.02881,15.9709,2.51537,327.6
0.24585,11.601,3.2405,1739.8
0.46387,6.7048,1.39888,25.1
0.08496,7.7009,1.40737,25.5
0.02197,8.187,1.53773,34.5
0.1123,10.8294,1.93816,86.7
1.0,0.0,4.41642,26086.7
0.0083,9.8604,0.99731,9.9
0.16846,5.9717,1.57433,37.5
0.01587,12.8678,1.50604,32.1
0.07617,15.3135,2.63598,432.5
0.48242,6.354,0.95815,9.1
0.02612,13.6569,2.57689,377.5
0.69214,5.3578,1.49828,31.5
0.125,10.2264,1.88814,77.3
0.80029,10.7674,3.79804,6281.2
0.03711,17.1378,1.57553,37.6
0.96655,10.9568,3.15759,1437.5
0.25269,9.5992,2.38744,244.0
0.30518,7.7174,2.42866,268.3
0.26733,11.9801,3.8872,7712.6
0.08545,6.3942,1.49095,31.0
0.41406,13.3106,4.27797,18965.5
0.99927,0.0107,4.1672,14696.1
1.0,0.0,3.34461,2211.1
0.30762,6.0066,1.08373,12.1
0.39209,11.2092,3.3263,2119.8
1.0,0.0,3.09629,1248.2
0.19873,12.4909,3.72412,5298.1
0.02222,19.4832,1.68426,48.3
0.78687,12.2911,4.3859,24316.6
0.45557,9.7445,4.14056,13821.5
0.00391,12.9297,1.32086,20.9
0.78687,6.0836,2.05459,113.4
0.98413,2.726,1.02162,10.5
0.58594,10.9081,3.93872,8683.9
1.0,0.0,4.24613,17624.9
0.85449,14.2445,4.51907,33042.5
0.52222,9.342,3.13858,1375.9
0.61719,8.7454,3.33608,2168.1
0.70337,10.0138,3.38145,2406.9
0.8728,7.3602,2.98596,968.2
1.0,0.0,4.38249,24126.4
0.25024,10.8696,3.12374,1329.6
0.86914,7.0828,2.12957,134.8
0.07446,13.9577,2.77674,598.1
0.0,0.0,0.97127,9.4
0.25952,12.3113,3.54848,3535.7
0.62573,9.6784,3.43813,2742.4
0.26929,6.825,2.44128,276.2
0.37915,9.814,4.01373,10321.2
0.97119,10.6835,3.66319,4604.6
0.80371,7.785,2.13307,135.9
0.0,0.0,1.18621,15.4
0.08862,7.9973,1.38613,24.3
0.24951,8.0065,1.57628,37.7
0.08057,12.138,2.01337,103.1
0.31177,8.0675,2.53796,345.1
0.81348,10.2138,4.29326,19645.3
0.86743,5.4971,1.92021,83.2
0.30103,12.1844,4.18581,15339.6
0.77319,11.0625,3.38896,2448.9
0.78638,11.4252,4.02108,10497.4
0.05273,13.3321,2.37626,237.8
0.0,0.0,0.91506,8.2
0.93579,13.102,3.77805,5998.6
0.99854,4.6442,1.79987,63.1
0.8728,6.5894,1.4236,26.5
0.95166,8.5114,3.8238,6665.0
0.27124,10.9884,3.41039,2572.7
0.01318,16.0904,1.67909,47.8
0.99756,12.5344,1.88062,76.0
0.96851,12.4482,4.33426,21590.3
0.22949,7.5025,1.88412,76.6
0.39893,9.2432,3.46913,2945.3
0.00049,0.0065,1.37638,23.8
0.52783,8.7761,3.88059,7596.1
0.00879,9.7255,1.33267,21.5
0.08423,10.0821,2.7883,614.2
0.0022,9.5097,1.03175,10.8
1.0,0.0,2.91264,817.8
0.42969,10.1369,3.99598,9907.8
0.01831,10.33,1.21142,16.3
0.93066,6.243,1.90501,80.4
0.99438,12.2631,3.69668,4973.7
0.52832,8.88,3.1246,1332.3
0.07202,15.0192,2.0458,111.1
0.16211,10.2442,3.20061,1587.1
0.03857,14.8173,2.56424,366.6
0.82129,10.6562,4.05346,11310.0
0.36646,9.4255,1.97326,94.0
0.24805,13.6075,3.67124,4690.7
0.98853,11.1571,3.22534,1680.1
0.09619,14.2933,3.60803,4055.4
0.00171,16.8166,2.28496,192.7
0.37769,11.7688,3.55138,3559.4
0.36743,11.2655,3.45459,2848.3
0.70654,7.2183,2.31867,208.3
0.09766,4.5124,0.99973,10.0
0.96582,12.0409,4.42082,26352.2
0.97144,14.843,3.51002,3236.1
0.06128,11.4789,1.65104,44.8
0.1333,15.4515,3.57288,3740.1
0.92725,9.1897,1.92118,83.4
0.97217,9.8052,2.61749,414.5
0.29834,7.7563,4.04444,11077.6
0.72827,5.1801,2.53999,346.7
0.15503,12.4874,1.95524,90.2
0.19629,10.3768,2.01911,104.5
0.0,0.0,1.18445,15.3
0.28174,6.4435,1.70499,50.7
0.70703,8.3866,1.8935,78.3
0.92432,5.1715,1.53498,34.3
0.66992,4.6949,1.13348,13.6
0.09399,11.7795,2.60472,402.5
0.79858,8.0469,1.68632,48.6
0.21948,11.9681,3.60198,3999.2
0.9856,16.3868,4.27328,18762.0
0.7395,4.4272,1.90036,79.5
0.16455,11.6136,2.99363,985.5
0.6145,6.9841,2.75427,567.9
0.00879,11.5232,1.17748,15.0
0.83667,4.56,1.35928,22.9
0.35962,10.0067,4.13538,13657.7
0.0647,13.3722,2.63527,431.8
0.95508,13.378,3.8425,6958.3
0.64844,4.765,1.14632,14.0
1.0,0.0,3.07607,1191.4
0.64307,11.6283,4.06426,11594.7
0.80786,9.2049,4.07067,11767.0
0.00952,9.1112,0.924,8.4
0.87402,6.7282,2.80904,644.2
0.97266,7.0719,2.25114,178.3
0.36255,12.0341,3.67969,4782.8
0.06274,5.4186,1.17057,14.8
0.1394,14.4043,1.87092,74.3
0.84961,12.685,3.87185,7444.7
0.61353,8.4241,2.61848,415.4
0.10864,12.9089,2.55854,361.9
1.0,0.0,4.44144,27633.8
0.75049,6.6553,2.07172,118.0
0.00415,9.9488,1.05551,11.4
0.31396,6.3985,2.33588,216.7
0.92334,3.953,1.4634,29.1
0.04297,9.3535,1.20226,15.9
0.35474,9.0149,2.9776,949.7
0.99976,0.0053,4.3867,24361.5
0.99634,7.9314,3.01979,1046.6
0.38672,10.6668,3.26714,1849.9
0.32349,10.0095,2.08537,121.7
0.00342,19.8999,2.98952,976.2
0.37744,10.074,3.6512,4479.2
0.18848,11.4355,3.05587,1137.3
1.0,0.0,3.83581,6851.9
0.43066,9.6263,2.91408,820.5
0.6394,4.5815,1.62695,42.4
0.50928,5.7324,3.03191,1076.2
0.71118,4.9728,2.69658,497.3
0.39893,5.0557,1.50929,32.3
0.1709,10.8698,3.16503,1462.3
0.93872,14.179,3.88762,7720.1
0.00171,12.5686,1.39659,24.9
0.0791,10.1636,2.89389,783.2
0.68652,11.8075,3.58341,3831.8
0.1123,8.4738,2.3754,237.4
0.08496,11.6835,1.88963,77.6
0.0,0.0,2.26311,183.3
0.99121,11.5636,2.88203,762.1
0.64502,10.659,3.41161,2579.9
0.21509,11.3765,2.94588,882.8
0.81445,5.3498,1.29408,19.7
0.66968,9.6209,3.891,7780.4
0.99951,0.0106,4.27815,18973.4
0.06372,7.1418,1.27313,18.8
0.00928,12.1712,1.81464,65.3
0.0,0.0,1.53758,34.5
0.73022,8.7415,4.00523,10121.3
0.75732,7.656,4.22853,16925.1
0.00757,6.3254,1.06483,11.6
0.99976,0.0033,2.11749,131.1
0.00195,19.1023,1.60631,40.4
0.99927,0.0054,2.61839,415.3
0.95361,18.3458,4.26986,18614.7
0.12183,6.1195,1.15945,14.4
0.05981,8.9467,1.52881,33.8
0.70044,7.7992,2.68231,481.2
0.00366,12.8932,2.8175,656.9
0.64087,9.2734,3.62656,4232.2
0.14453,10.1105,2.50205,317.7
0.18823,6.0749,1.41869,26.2
0.19019,7.1441,2.19491,156.6
1.0,0.0,4.49088,30966.0
0.35181,13.2553,3.64564,4422.2
0.0,0.0,1.32812,21.3
0.95361,9.438,3.85565,7172.2
0.99146,8.813,2.03897,109.4
0.60498,8.0218,3.7577,5724.0
0.2561,3.6049,0.94956,8.9
0.26172,10.3351,4.08603,12190.6
0.698,6.8032,1.49604,31.3
0.04565,13.7848,2.56804,369.9
0.2478,12.7798,3.32062,2092.3
0.99805,7.4861,2.75845,573.4
0.00024,0.0055,1.50732,32.2
0.00317,9.2041,1.41132,25.8
0.00098,21.0227,1.94255,87.6
0.04395,9.1427,1.09449,12.4
0.07471,15.643,1.69417,49.5
0.41821,3.3042,1.37839,23.9
0.06006,10.4441,2.60109,399.1
0.05225,6.6096,2.2055,160.5
0.99561,9.2226,3.04691,1114.1
0.57471,7.2279,1.9292,85.0
0.82007,7.5095,1.02697,10.6
0.01465,10.3107,2.11271,129.6
0.51147,10.9247,3.66193,4591.2
0.56982,9.2103,1.83772,68.8
0.12573,10.004,2.38099,240.4
0.45728,13.0012,3.66117,4583.2
0.02563,10.6872,2.38878,244.8
1.0,0.0,4.14394,13929.7
0.99976,0.0035,4.25699,18071.3
0.40015,5.4809,2.03752,109.0
0.25488,14.4327,3.59172,3905.9
0.23193,9.8287,1.82778,67.3
0.00024,0.0026,1.4128,25.9
0.15015,10.0004,2.50276,318.2
0.66064,9.3635,3.10405,1270.7
0.95874,16.7527,4.321,20941.2
0.0752,7.5122,1.4361,27.3
0.21899,11.6005,3.5055,3202.6
0.3728,8.9018,2.64006,436.6
0.01807,12.5127,1.38425,24.2
1.0,0.0,4.45642,28603.3
0.18018,15.902,3.44488,2785.4
0.0,0.0,1.37384,23.7
0.68945,12.4756,4.21201,16293.2
0.08252,7.4301,1.27971,19.0
0.0271,11.5066,1.24159,17.4
0.39038,5.2121,2.11432,130.1
1.0,0.0,4.32965,21362.6
0.54639,4.6977,1.02374,10.6
0.99634,14.5615,4.2575,18092.4
0.13208,13.8352,3.13744,1372.3
0.00098,15.6593,1.14804,14.1
0.88062,5.6464,2.98028,955.6
0.00171,16.6133,2.57915,379.4
0.05933,12.5581,2.96345,919.3
0.63721,10.1115,3.59625,3946.9
0.2085,13.0816,3.38223,2411.2
0.91113,14.8046,4.54617,35170.1
0.29297,5.3602,1.47544,29.9
0.9978,13.8906,3.87262,7458.0
0.96802,9.8242,2.4049,254.0
0.66797,8.6476,3.76468,5816.7
0.40308,10.3256,4.16095,14486.0
0.75537,12.1633,4.52707,33656.6
0.70068,8.0702,1.875,75.0
0.75903,4.8039,2.55777,361.2
0.99756,14.6002,4.34726,22246.6
0.99951,0.0091,4.35807,22807.3
0.82983,5.9573,2.26528,184.2
0.84448,11.7509,4.33787,21770.8
0.09253,10.8966,2.3859,243.2
0.17432,5.8217,2.27219,187.2
0.43921,10.3978,3.66718,4647.1
0.39575,7.6216,2.62453,421.2
0.06738,13.5343,2.54045,347.1
1.0,0.0,2.31366,205.9
0.22363,11.1487,2.48421,304.9
0.52661,5.9753,1.41387,25.9
0.96216,7.9649,1.12607,13.4
0.52246,10.1549,3.65759,4545.6
0.06226,13.6141,2.96533,923.3
0.99561,8.8756,3.35765,2278.5
0.84668,11.2658,3.83419,6826.4
0.00952,19.3694,1.74372,55.4
0.09985,10.5061,1.75711,57.2
0.22412,11.4519,1.91835,82.9
0.35913,8.798,2.01339,103.1
0.24292,11.4487,3.68206,4809.0
0.97827,5.6635,2.27005,186.2
0.01099,10.2447,2.08377,121.3
0.65552,9.3913,3.22763,1689.0
0.3584,9.0756,1.58467,38.4
0.00977,7.3321,1.29187,19.6
0.15283,13.6508,3.44987,2817.5
0.94653,12.289,3.66655,4640.3
0.20093,10.75,1.98577,96.8
0.14087,13.1502,3.22668,1685.3
0.99854,6.4135,1.02758,10.7
0.58643,4.6064,2.38015,240.0
0.99878,13.5363,3.01449,1033.9
0.10254,14.4108,1.82888,67.4
0.11841,11.5589,2.17519,149.7
0.26392,11.8667,3.1299,1348.7
0.78467,6.1586,3.05811,1143.2
0.01733,14.4048,1.46638,29.3
0.22339,12.8636,3.48438,3050.6
0.25317,7.1494,1.19545,15.7
0.99951,0.0119,4.4457,27906.2
0.81934,4.2977,1.64236,43.9
0.00635,12.9534,1.82936,67.5
0.75586,4.9172,1.63483,43.1
0.98047,15.2615,4.52525,33515.6
0.3645,7.0705,1.95008,89.1
0.99609,9.5547,3.11435,1301.2
1.0,0.0,4.52209,33272.6
0.99829,14.9654,4.37389,23653.2
0.98706,8.4258,1.0578,11.4
0.20605,9.4111,2.80709,641.3
0.46216,9.7973,3.09978,1258.3
0.29663,11.0068,3.46909,2945.0
0.31421,8.6205,2.13024,135.0
0.99365,11.8687,2.10101,126.2
0.06958,6.4431,0.91874,8.3
0.25928,6.8521,1.03182,10.8
0.5249,6.143,2.91257,817.6
0.08423,7.8596,1.18032,15.1
0.14551,8.3782,1.6428,43.9
0.00098,14.8931,2.1206,132.0
0.01099,6.6606,1.16054,14.5
0.0,0.0,1.01583,10.4
0.99976,0.0041,4.28933,19468.3
0.98291,6.2057,2.493,311.2
0.54321,6.1845,1.65158,44.8
0.52612,12.0127,3.49121,3099.0
1.0,0.0,0.9376,8.7
0.11694,11.0019,1.79819,62.8
0.99805,16.7845,4.41291,25876.9
0.23462,13.4539,4.18254,15224.5
0.91064,11.5896,3.22626,1683.7
0.13647,6.5531,1.24358,17.5
0.00415,18.2592,2.065,116.1
0.03589,11.4305,1.00513,10.1
0.51587,4.7376,1.70384,50.6
0.99707,7.1211,0.99601,9.9
0.33301,5.2676,1.36399,23.1
0.18921,12.9886,3.21636,1645.7
0.98828,6.3472,1.27003,18.6
0.01611,12.4681,1.47213,29.7
0.33545,9.8736,4.20124,15894.2
0.39282,8.2758,2.12857,134.5
0.18213,8.7074,2.1196,131.7
0.04883,8.2369,1.21924,16.6
0.63428,10.9771,3.81079,6468.3
0.92749,10.8908,3.37404,2366.1
1.0,0.0,2.90188,797.8
0.65381,10.0369,3.16046,1447.0
0.03589,8.2601,1.2698,18.6
0.02905,14.1376,1.85404,71.5
0.19531,11.0739,3.03526,1084.6
0.63159,11.8141,4.3818,24087.7
0.77734,11.7008,3.88825,7731.2
0.94873,10.4053,3.2438,1753.1
0.0332,13.3614,2.79844,628.7
0.04639,9.5408,0.95837,9.1
0.43652,11.8414,4.15707,14357.1
0.05591,6.4332,1.14732,14.0
0.49976,5.5447,1.37465,23.7
0.97559,9.7965,3.43503,2722.9
0.34131,10.0329,3.87002,7413.5
0.77612,8.2655,3.77653,5977.6
0.05884,11.2969,2.55582,359.6
0.00024,0.0044,1.54991,35.5
0.30371,6.2045,1.03206,10.8
0.22388,10.9491,4.01336,10312.4
0.93335,15.6664,4.47483,29841.9
0.85913,8.9449,1.79497,62.4
1.0,0.0,4.06705,11669.5
0.30518,10.1166,2.37362,236.4
0.52368,9.7269,2.04049,109.8
0.1748,6.9307,2.74853,560.4
0.00928,9.4666,0.93293,8.6
0.04004,16.9087,2.52042,331.5
0.09033,9.5221,1.63211,42.9
0.38232,10.7646,3.50585,3205.1
0.16357,11.3851,2.73909,548.4
0.2395,11.0333,4.07719,11945.2
0.56665,7.2669,4.17874,15091.6
0.09009,18.2295,2.06028,114.9
0.01904,14.9327,1.92739,84.6
0.43213,14.7591,4.33393,21574.1
0.73853,9.4864,2.7443,555.0
0.14282,4.0424,1.25568,18.0
0.0,0.0,1.07072,11.8
1.0,0.0,4.52132,33214.3
0.86304,7.192,3.0189,1044.5
0.05811,7.2394,1.10216,12.7
0.08496,8.9347,2.77081,589.9
0.24951,8.2859,2.74469,555.5
0.49976,7.4869,2.49365,311.6
0.98926,16.9739,4.37832,23895.7
0.99976,0.0052,4.36916,23396.8
0.00073,0.0098,1.35962,22.9
0.03296,8.481,1.45736,28.7
0.17163,10.4424,2.39173,246.5
0.89111,12.6357,3.94997,8911.8
0.51196,7.5712,3.18179,1519.8
0.21436,9.9836,3.56931,3709.5
0.15601,11.1055,3.00755,1017.5
0.15381,11.5509,1.67047,46.8
0.4126,9.831,3.89056,7772.5
0.0,0.0,0.95431,9.0
0.82666,9.6357,3.4548,2849.7
0.62793,4.0541,1.61305,41.0
0.22925,9.4216,2.62409,420.8
0.9978,22.1792,4.46546,29205.1
0.88916,4.1173,2.8723,745.3
0.0,0.0,1.11114,12.9
0.52295,6.5646,2.46951,294.8
0.65503,10.0538,3.31519,2066.3
0.00513,12.3223,1.11025,12.9
0.99731,5.5012,1.82609,67.0
0.41113,3.351,0.97008,9.3
0.93384,5.2484,2.87607,751.8
0.19043,7.6733,2.29671,198.0
0.19385,8.1565,2.74318,553.6
0.24634,9.667,1.98384,96.3
0.22437,11.3969,3.30255,2007.0
0.48853,4.7617,1.53541,34.3
0.50464,9.2062,4.21528,16416.6
1.0,0.0,4.41047,25731.9
0.05225,13.3523,2.7041,505.9
0.27051,9.7385,2.60326,401.1
0.56274,10.0258,4.04345,11052.3
1.0,0.0,1.96193,91.6
1.0,0.0,3.83701,6870.8
0.4165,7.8202,1.95269,89.7
0.98926,8.6709,3.53327,3414.1
0.00146,20.1915,2.1233,132.8
0.71704,6.1317,3.10452,1272.1
0.5769,8.0825,4.28548,19296.7
0.93213,7.612,1.10155,12.6
0.4751,11.2113,3.85216,7114.8
0.11816,9.5552,2.88257,763.1
0.12671,9.9139,2.2879,194.0
1.0,0.0,2.18272,152.3
0.00171,9.5076,1.15667,14.3
0.06665,13.7926,1.847,70.3
0.42432,9.3045,3.17954,1512.0
0.47437,5.6034,1.25961,18.2
0.91772,9.6823,3.34858,2231.4
0.76318,15.8911,4.41841,26206.3
0.99756,16.3263,4.48607,30624.8
0.73096,10.721,4.15168,14180.0
0.48486,12.1077,3.84981,7076.4
0.83936,6.433,1.55319,35.7
0.96973,14.294,4.44728,28007.6
0.2334,7.2324,1.64368,44.0
0.99951,0.007,4.07791,11965.0
0.25732,11.5561,4.11015,12886.9
0.46875,8.3357,3.17505,1496.4
0.04443,14.9652,2.80753,642.0
0.04907,11.5978,1.63529,43.2
0.25781,9.033,2.80082,632.1
0.18726,12.3972,1.96479,92.2
0.91724,4.3719,1.36296,23.1
0.03101,8.0046,1.3714,23.5
0.20508,12.2345,3.82994,6759.9
0.99951,0.0056,4.27283,18742.4
0.05371,7.4334,1.42137,26.4
0.90283,6.2563,0.95154,8.9
0.10474,16.1034,1.8662,73.5
0.04785,10.7854,1.39422,24.8
0.01099,19.9453,1.59218,39.1
0.23413,8.255,3.03411,1081.7
0.77856,6.3949,2.44582,279.1
0.24023,7.5744,2.47116,295.9
0.2334,7.0034,1.65424,45.1
0.67114,9.7071,3.33097,2142.8
0.85254,8.231,1.96073,91.4
0.83594,5.489,2.36126,229.8
0.25488,11.2615,2.59604,394.5
0.3916,11.7493,4.20714,16111.8
0.09692,11.0023,1.80308,63.5
0.24097,13.0043,3.52853,3377.0
0.01367,18.4917,2.03328,108.0
0.37354,8.0773,4.17062,14812.2
0.70776,6.2221,2.34275,220.2
0.02832,14.6354,2.74855,560.5
0.80444,9.5097,4.10774,12815.7
0.12744,13.7435,3.36083,2295.2
0.16406,5.3653,1.2478,17.7
0.07739,7.1984,1.40298,25.3
0.99561,19.2026,4.52245,33300.1
0.15771,7.2857,1.00942,10.2
0.01953,13.6523,2.00224,100.5
0.98779,17.9264,4.40613,25476.2
0.16626,4.6765,0.95828,9.1
0.0,0.0,1.49271,31.1
0.20972,7.7446,1.68256,48.1
0.99829,4.5655,1.21869,16.5
0.08765,10.0551,2.62727,423.9
0.95215,9.3592,3.06739,1167.9
0.1709,8.7202,2.06599,116.4
0.02271,12.633,1.30001,20.0
0.64771,12.4608,3.86568,7339.8
0.64917,9.9335,3.84199,6950.2
0.37573,6.9708,2.95656,904.8
1.0,0.0,1.40629,25.5
0.80518,6.6076,2.88281,763.5
0.38916,9.6711,3.20287,1595.4
0.80078,4.4925,2.46773,293.6
0.79419,9.5754,4.05897,11454.2
0.99316,6.6897,2.32801,212.8
0.49414,6.3254,2.76947,588.1
0.51147,4.7005,1.32008,20.9
0.44604,8.9932,2.96186,915.9
0.42334,13.8764,3.70309,5047.6
0.61011,11.8912,3.57453,3754.3
0.05518,13.7696,1.8419,69.5
1.0,0.0,4.52659,33619.3
0.54053,7.7447,3.53316,3413.2
0.65137,7.1547,2.45115,282.6
0.99487,8.569,2.41884,262.3
0.37988,12.1026,3.75013,5625.1
0.02246,15.3562,1.54489,35.1
0.54883,9.4993,3.23978,1736.9
0.0437,13.6241,3.52916,3381.9
0.70679,7.6338,2.78939,615.7
0.67676,10.738,4.09307,12389.9
0.16992,10.7898,2.61512,412.2
0.20435,11.1089,2.60144,399.4
0.0144,21.4507,1.94309,87.7
0.96753,15.1513,4.26175,18270.5
0.84033,5.0104,2.05849,114.4
0.99463,10.5319,3.44306,2773.7
0.22803,8.1808,2.39854,250.3
0.99951,0.009,4.32039,20911.9
0.62915,11.923,4.36619,23237.4
0.05664,6.9065,1.01282,10.3
0.99609,19.8678,4.53633,34382.1
0.66284,7.8071,3.11305,1297.3
0.99463,11.0453,1.17289,14.9
0.24585,9.116,2.71885,523.4
0.9585,8.9517,1.08382,12.1
0.0686,10.0078,2.90832,809.7
0.17456,9.2827,1.58059,38.1
0.07544,10.4927,2.24725,176.7
0.07617,13.523,2.01622,103.8
0.48193,8.3099,3.1031,1267.9
0.99609,10.3712,3.90735,8078.9
0.99854,15.4782,4.32446,21108.5
0.0,0.0,2.10448,127.2
0.43628,6.426,2.98429,964.5
0.00757,8.1925,0.92464,8.4
0.21167,6.109,2.26268,183.1
0.89502,10.5823,4.41275,25866.9
0.00342,13.2646,1.33723,21.7
1.0,0.0,4.08076,12043.6
0.33765,10.3843,3.28683,1935.7
0.12061,10.6979,1.97675,94.8
0.55054,9.5732,3.74588,5570.3
0.96582,11.8187,1.9599,91.2
0.79224,7.2001,4.17204,14860.7
0.01733,7.1929,1.20543,16.0
0.00439,6.4436,1.3378,21.8
0.58813,11.2291,3.64304,4395.9
0.19434,9.2871,2.54403,350.0
0.0,0.0,1.4418,27.7
0.62793,8.9587,2.77877,600.9
0.01465,15.3068,1.98798,97.3
0.83545,8.898,2.90986,812.6
0.17651,13.3559,3.62003,4169.0
0.53442,9.9904,4.03331,10797.1
0.98291,6.3291,1.11863,13.1
0.54761,7.4688,3.06709,1167.0
0.9873,19.7959,4.49663,31378.4
0.79688,4.941,2.58283,382.7
0.13281,13.9424,3.71448,5181.8
0.01099,8.4806,1.2584,18.1
0.03076,10.9411,4.0942,12422.2
0.62402,7.5608,3.02945,1070.2
0.79395,8.7828,4.1481,14063.8
0.3645,9.9912,3.7786,6006.2
0.92578,12.3879,4.07861,11984.2
0.00977,8.5019,1.1124,13.0
0.36548,12.4267,3.51705,3288.9
0.02686,12.894,1.6227,41.9
0.09277,11.9164,1.87415,74.8
1.0,0.0,2.08959,122.9
0.43872,7.0961,3.06329,1156.9
0.99658,15.9644,3.1968,1573.3
0.67871,10.5653,4.30585,20223.1
0.45557,5.9865,0.94955,8.9
0.46509,6.6707,1.60976,40.7
0.68774,4.6037,2.22556,168.1
0.30493,9.0653,3.89144,7788.3
0.1416,8.8699,2.91202,816.6
0.05591,13.7453,2.7735,593.6
0.96777,7.8418,3.68021,4788.6
0.33667,10.3897,3.29616,1977.7
0.01807,20.2997,1.96199,91.6
1.0,0.0,1.22134,16.6
0.13184,9.4957,2.59199,390.8
0.99512,14.5112,4.11852,13137.9
0.24756,9.6334,3.08823,1225.3
0.0,0.0,1.09777,12.5
0.92749,8.6901,2.51078,324.2
0.0,0.0,2.30816,203.3
0.94043,10.4122,3.03081,1073.5
0.22314,11.001,3.04799,1116.8
0.9751,19.1393,4.37851,23906.1
0.38379,5.4649,2.13822,137.5
0.00073,0.0091,2.39395,247.7
0.45312,9.7689,3.14439,1394.4
0.44385,8.0895,4.14126,13844.1
0.80566,12.2368,3.48278,3039.4
0.64258,6.8956,2.62333,420.1
0.3855,12.1955,3.87887,7566.1
0.14014,9.5661,2.67602,474.3
0.9873,20.0886,4.42304,26487.7
0.13623,10.996,1.93512,86.1
0.05981,9.2982,1.36848,23.4
0.92432,10.4252,3.93672,8644.1
0.74414,9.5576,1.98919,97.5
0.72705,8.9365,3.99881,9972.6
0.99487,7.2871,3.12938,1347.0
0.15161,11.5055,2.76243,578.7
0.99927,0.0118,1.22104,16.6
0.98779,14.2249,3.77567,5965.8
0.01074,7.3454,1.14393,13.9
0.98901,20.6085,4.42899,26853.0
0.17139,10.5644,4.10686,12789.8
0.04712,12.5588,2.0099,102.3
0.0,0.0,1.37021,23.5
0.87866,7.6746,4.13865,13760.9
0.03052,13.7471,2.65609,453.0
0.15454,5.1034,1.35928,22.9
0.07544,12.1622,2.7243,530.0
0.05713,16.3583,1.80477,63.8
0.13281,8.4266,2.393,247.2
0.42407,11.6833,3.24203,1745.9
0.78076,12.4107,4.24711,17664.9
0.34521,11.4017,3.82906,6746.2
0.13281,6.3345,1.49129,31.0
0.84961,7.326,2.6469,443.5
0.11768,13.2089,2.70021,501.4
0.99341,14.0245,4.51788,32951.9
0.87915,4.6336,1.22055,16.6
0.28296,7.1817,2.76903,587.5
0.87549,8.9063,4.24345,17516.7
0.57397,5.8909,2.36017,229.2
1.0,0.0,1.8592,72.3
0.396,8.1779,2.93403,859.1
0.90161,6.8938,2.07244,118.2
0.52783,15.352,4.28991,19494.3
0.73804,6.3474,1.21288,16.3
0.62695,7.9402,1.65824,45.5
0.01514,5.4065,1.20949,16.2
0.13403,12.9719,3.50377,3189.9
0.38574,7.6964,1.974,94.2
1.0,0.0,4.1916,15545.3
0.16992,9.1976,4.16772,14713.5
0.99951,0.0131,4.32391,21081.9
0.66431,7.2283,1.83878,69.0
0.99951,0.0039,0.90549,8.0
0.07861,10.3376,2.31909,208.5
1.0,0.0,4.41954,26274.7
0.46606,10.3273,3.6932,4934.0
0.0,0.0,1.12104,13.2
0.65698,9.9444,3.46974,2949.4
1.0,0.0,4.25332,17919.2
1.0,0.0,4.43838,27439.5
0.25757,12.5811,3.51875,3301.8
0.83594,8.7634,4.0558,11370.9
0.87769,10.8169,3.97801,9506.2
0.57983,6.4291,2.21217,163.0
0.00024,0.0034,1.26492,18.4
0.62085,10.6105,3.56067,3636.4
0.0188,11.427,1.40326,25.3
0.02075,10.5382,2.30665,202.6
0.94556,15.8938,4.54073,34731.6
1.0,0.0,2.94811,887.4
0.58594,8.0237,2.80912,644.3
0.99951,0.0063,4.3659,23221.9
0.93823,11.171,1.94075,87.2
0.99927,0.02,4.55422,35828.1
0.55811,9.736,4.23475,17169.0
0.70166,6.8447,2.23251,170.8
0.1062,11.1674,2.09857,125.5
0.24316,5.4524,1.36545,23.2
0.68384,10.3014,4.24812,17705.9
0.08179,11.4261,1.58189,38.2
0.01929,9.8594,0.93589,8.6
0.59497,7.3236,4.15473,14280.0
0.20532,11.3814,3.08813,1225.0
0.55176,8.5387,3.3575,2277.7
0.70703,6.9497,3.58141,3814.3
0.82471,6.3199,1.05894,11.5
0.00928,15.5878,1.23866,17.3
0.40112,8.0796,2.7291,535.9
0.74023,6.8446,1.0867,12.2
0.1189,9.5413,2.74548,556.5
0.28223,13.5458,3.59309,3918.2
0.43896,12.4167,3.30475,2017.2
0.73193,8.413,3.15583,1431.6
0.04126,6.2422,1.07262,11.8
0.08154,9.6603,1.76764,58.6
0.78955,10.6752,4.18183,15199.5
0.0,0.0,1.35324,22.6
0.12085,7.8606,2.85107,709.7
0.0,0.0,1.08593,12.2
0.89966,11.7153,4.3342,21587.2
0.99854,12.9024,1.52985,33.9
0.09473,11.3082,2.40099,251.8
0.98291,7.201,2.9006,795.4
0.25,8.3393,3.52848,3376.6
0.69897,10.8552,4.3278,21271.7
0.35352,10.4524,3.59318,3919.1
0.1001,12.3376,2.1721,148.6
0.03638,10.6243,1.17832,15.1
0.34155,12.437,3.48739,3071.8
0.99097,20.9275,4.45588,28567.8
0.0,0.0,0.96525,9.2
0.35352,11.7181,3.73316,5409.5
0.1521,8.6335,1.54657,35.2
0.98267,7.1648,2.5834,383.2
0.32935,8.2548,2.81239,649.2
0.79395,8.2219,3.14772,1405.1
1.0,0.0,4.51808,32966.9
0.88989,9.0897,3.41432,2596.1
0.51465,6.5208,2.33656,217.1
0.69678,9.9107,3.51521,3275.0
0.12183,12.4355,2.60816,405.7
0.02417,16.2663,2.41231,258.4
0.03638,11.642,2.2389,173.3
0.24438,7.6877,2.70561,507.7
0.16846,9.3886,1.93031,85.2
0.23389,10.111,1.78753,61.3
0.97998,8.5695,1.44547,27.9
0.34448,7.8782,2.51132,324.6
0.1123,9.9574,1.97444,94.3
0.63452,9.6396,3.96062,9133.0
0.95288,10.2075,4.00063,10014.5
0.50415,7.5082,2.15934,144.3
0.9668,7.9135,3.16495,1462.0
0.18457,11.4465,4.19935,15825.2
0.96387,6.7963,2.21518,164.1
0.11914,11.4323,2.92958,850.3
0.00293,15.207,2.5235,333.8
0.58545,10.2603,3.27865,1899.5
0.99683,21.5834,4.40934,25664.7
0.00073,0.014,1.40951,25.7
0.93384,15.6534,4.42985,26905.9
0.17188,12.5043,3.33516,2163.5
0.19922,10.9909,3.81057,6465.1
0.43262,7.8571,3.22332,1672.3
0.98926,12.9184,4.08254,12093.2
0.99976,0.0021,2.09491,124.4
0.46948,10.7643,3.48974,3088.4
0.04419,13.661,1.86795,73.8
1.0,0.0,2.76132,577.2
0.93872,9.1261,3.39272,2470.1
0.0,0.0,1.63784,43.4
0.68359,4.0251,1.12652,13.4
0.97437,10.7222,3.79259,6202.9
0.93652,10.887,3.85834,7216.8
0.99756,12.6097,3.33491,2162.2
0.09912,13.395,2.07735,119.5
0.86182,7.9822,3.30754,2030.2
0.75928,5.914,1.20952,16.2
0.59326,7.1672,3.32338,2105.6
0.29639,9.8497,3.00807,1018.7
0.12622,11.4297,3.15787,1438.4
0.00366,14.2252,2.53602,343.6
0.50122,5.8403,1.72564,53.2
0.85425,12.3865,3.55487,3588.2
0.19189,8.6241,2.59866,396.9
0.25391,9.8363,3.62612,4227.9
0.45361,6.3914,2.23352,171.2
0.02588,9.0604,1.2238,16.7
0.10547,10.8833,2.8848,767.0
0.99683,15.0983,3.17817,1507.2
0.24365,11.98,4.27054,18643.9
1.0,0.0,4.14625,14003.8
0.11499,4.5538,1.11187,12.9
0.53418,10.2652,3.72279,5281.9
0.41895,8.427,1.8579,72.1
0.9231,11.4203,3.4501,2819.1
0.03076,12.0135,2.28942,194.7
0.23853,7.6376,2.07971,120.1
0.07642,11.1048,2.68689,486.3
0.60352,7.8825,2.84123,693.8
0.41309,9.2003,3.44018,2755.4
0.65137,10.231,3.23341,1711.6
0.51807,10.0195,3.3809,2403.8
0.19751,7.0113,2.3062,202.4
0.67627,10.4595,3.37756,2385.4
0.23804,7.4924,2.16486,146.2
0.96216,9.8366,3.12254,1326.0
0.99805,7.9418,2.58186,381.8
0.89014,10.5318,2.95911,910.1
0.89404,5.2882,0.96716,9.3
0.00073,0.0112,2.72526,531.2
0.00195,14.919,1.70668,50.9
0.00879,13.5466,2.31255,205.4
0.0437,7.591,1.17259,14.9
0.29907,11.4718,3.30289,2008.6
0.93555,11.1956,4.16731,14699.9
0.12305,5.6295,2.19851,157.9
0.04395,8.5762,1.28692,19.4
0.12646,13.1582,3.16906,1475.9
0.96753,9.186,1.36718,23.3
0.65967,8.7171,4.16037,14466.8
0.0,0.0,1.35045,22.4
0.10571,8.7746,2.22508,167.9
0.75,9.0745,2.71019,513.1
0.0022,12.7717,1.3337,21.6
0.46851,5.4809,2.06754,116.8
0.0874,11.0065,1.90874,81.0
0.93677,12.9152,3.50893,3228.0
0.9646,17.5594,4.50616,32074.2
0.4917,6.1424,2.22861,169.3
0.46045,12.71,3.79176,6190.9
0.03003,7.2394,1.41579,26.0
0.32202,8.4319,3.02164,1051.1
0.01245,18.1354,2.48388,304.7
0.00537,22.1932,1.95589,90.3
0.53687,10.1972,3.90497,8034.7
0.68701,10.2128,3.62993,4265.1
0.13086,4.8797,1.39261,24.7
0.19507,11.0532,1.97132,93.6
0.50732,12.2282,3.89692,7887.1
0.99951,0.01,4.52865,33779.5
0.09058,10.5501,3.13727,1371.7
0.1543,16.8177,4.08759,12234.6
0.99463,19.4113,4.49866,31525.4
0.42798,10.3728,3.60846,4059.4
0.74292,11.3429,3.25843,1813.1
0.35107,5.8023,1.71132,51.4
0.7439,4.9379,2.25633,180.4
0.11377,12.6543,3.18107,1517.3
0.96924,12.3641,4.28743,19383.4
0.15381,13.9265,2.0058,101.3
0.07886,8.7755,2.34687,222.3
0.0,0.0,0.98433,9.6
0.36548,11.2279,3.44838,2807.9
0.19678,11.0453,2.52355,333.8
0.66235,10.4703,3.81737,6567.1
0.06372,13.331,1.75668,57.1
0.7793,7.8186,3.31292,2055.5
0.29053,12.5984,3.36204,2301.7
0.99976,0.0033,2.59936,397.5
0.19849,8.7316,1.59211,39.1
0.33374,6.5291,2.37497,237.1
0.73291,10.1368,3.62489,4215.9
0.1001,9.4807,1.59423,39.3
0.02515,4.413,1.23203,17.1
0.14844,8.0217,2.59373,392.4
0.22583,10.9952,1.75985,57.5
0.94263,7.377,3.82767,6724.7
0.53857,12.6191,3.88866,7738.6
0.88257,11.1474,4.3564,22719.6
0.86548,12.4747,3.97092,9352.3
0.12793,12.0361,3.26834,1855.0
0.45239,8.3217,1.58643,38.6
0.83423,9.725,3.90971,8122.8
0.34912,14.0101,3.56297,3655.7
0.80493,10.3523,3.63155,4281.1
0.42065,8.741,3.45096,2824.6
0.99829,11.2817,3.93534,8616.7
0.30493,10.8103,1.99118,98.0
0.3335,15.0572,3.3597,2289.3
0.32178,8.6525,2.79289,620.7
0.02148,16.5205,2.13731,137.2
0.00195,17.2477,2.0971,125.1
0.35815,7.1467,1.47105,29.6
0.07251,13.7539,2.69877,499.8
0.01953,11.2461,2.25009,177.9
0.25073,8.2955,2.44298,277.3
0.84424,10.2797,4.01441,10337.5
0.99805,13.2325,3.3928,2470.6
0.21362,10.7105,3.38818,2444.5
0.78931,15.4229,4.49802,31478.9
0.50977,4.6543,1.69885,50.0
0.51831,8.34,2.75854,573.5
0.02368,6.3569,1.24108,17.4
0.16162,8.9522,2.33804,217.8
1.0,0.0,4.37493,23709.7
0.33936,5.7963,1.21698,16.5
0.43066,7.4062,3.67121,4690.4
1.0,0.0,4.0647,11606.6
1.0,0.0,2.76238,578.6
0.11938,13.5684,3.81693,6560.4
0.12817,12.88,2.51432,326.8
0.08716,8.4436,2.19397,156.3
0.15894,9.3201,2.75063,563.2
0.04834,11.4332,1.61453,41.2
0.07104,17.6867,2.0264,106.3
0.0481,15.1484,2.01869,104.4
0.73389,14.661,4.51396,32655.6
0.7063,6.1942,2.12751,134.1
0.0,0.0,1.7392,54.9
0.91089,15.1987,4.33626,21690.0
0.0271,12.6035,1.40936,25.7
0.66675,15.2836,4.43137,27000.2
0.71509,10.3703,4.02042,10481.4
0.84448,8.6265,3.26693,1849.0
0.65552,7.4065,2.46596,292.4
0.57153,5.1502,1.62365,42.0
0.01318,11.2581,1.29107,19.5
0.0,0.0,1.28184,19.1
0.02466,14.4001,2.17858,150.9
0.16699,8.8558,2.39049,245.7
0.73389,11.8985,4.2776,18949.6
0.96387,7.5597,2.86204,727.9
0.99854,23.8194,4.52207,33271.7
0.91968,8.7192,3.53665,3440.7
0.86719,7.577,1.43754,27.4
0.78003,6.7465,2.92539,842.1
0.00317,15.4323,1.4853,30.6
0.03955,5.8239,1.04631,11.1
1.0,0.0,4.35095,22436.0
0.0,0.0,2.13734,137.2
0.24536,9.0228,1.59569,39.4
0.0,0.0,1.27496,18.8
0.14014,11.8997,3.2855,1929.7
0.1665,14.7224,2.58777,387.0
0.00073,0.0087,0.94574,8.8
0.12573,12.9297,3.5158,3279.4
0.00244,16.7115,1.84079,69.3
0.47046,11.9848,3.75463,5683.7
0.92261,9.3941,2.68807,487.6
0.0603,14.9755,2.85968,723.9
0.66577,7.0755,2.57333,374.4
0.09717,14.2511,3.3726,2358.3
1.0,0.0,4.51994,33108.2
0.12744,13.3408,3.81789,6574.9
0.00049,0.0088,1.15553,14.3
0.98901,6.2868,2.71071,513.7
0.07642,11.1781,1.75899,57.4
0.0,0.0,1.27718,18.9
0.47778,4.57,1.61611,41.3
0.0,0.0,1.8095,64.5
0.98584,14.9849,4.40918,25655.5
0.74829,7.8231,3.62424,4209.6
0.3064,9.7503,4.01917,10451.2
0.73999,10.8742,3.45604,2857.8
0.09619,7.7447,2.05624,113.8
0.37231,8.0206,2.33188,214.7
0.38037,7.7219,2.51299,325.8
0.05908,14.7933,1.97497,94.4
0.44751,8.0794,2.44271,277.1
1.0,0.0,3.7204,5252.9
0.31909,3.8229,1.17965,15.1
0.08447,12.6363,1.91348,81.9
0.00317,19.9458,2.65307,449.9
0.30005,9.4481,3.37348,2363.1
0.19116,11.6966,3.2628,1831.5
0.48022,10.6306,3.55162,3561.4
0.5,3.8528,1.28763,19.4
0.92969,3.3871,1.56342,36.6
0.02588,11.5305,2.03186,107.6
0.17847,10.9493,1.93216,85.5
0.78809,7.5281,3.66342,4607.1
0.70996,9.1074,4.53189,34032.3
0.59155,12.4689,3.39865,2504.1
0.12622,5.1408,1.02382,10.6
0.01685,21.8998,1.99027,97.8
0.97974,15.1009,3.83672,6866.2
0.87476,9.942,4.2799,19050.3
0.38403,6.8984,3.07643,1192.4
0.27148,10.5697,2.17741,150.5
0.0,0.0,2.20041,158.6
0.11768,14.8337,3.21718,1648.8
0.15942,15.3548,4.06016,11485.8
0.01416,15.8845,2.14822,140.7
0.1123,12.1208,1.59975,39.8
0.03833,5.5373,0.91328,8.2
0.20483,6.3755,1.4053,25.4
0.73267,9.2438,4.01266,10295.8
1.0,0.0,3.18483,1530.5
0.88696,15.1443,4.5221,33273.5
0.40869,4.0128,1.15685,14.3
0.18726,7.4754,2.24023,173.9
0.82178,10.2174,3.80998,6456.3
0.24976,12.1062,3.31862,2082.7
0.01782,11.2054,1.14665,14.0
0.02344,11.3567,2.36964,234.2
0.19507,13.5288,3.2325,1708.0
0.04858,12.4078,3.4156,2603.8
0.04492,10.6588,2.55321,357.4
0.11792,14.879,1.59051,38.9
0.99756,14.5734,4.43183,27028.9
0.91992,7.9186,2.60732,404.9
0.41479,12.2252,3.5237,3339.6
0.70386,7.2023,2.85693,719.3
0.1001,6.8536,1.19788,15.8
0.50537,7.9032,1.76778,58.6
0.00024,0.0027,1.13334,13.6
0.00024,0.0034,1.60004,39.8
0.12817,8.0125,1.63441,43.1
0.05713,11.6576,2.41866,262.2
0.59717,6.8974,2.07832,119.8
0.08325,13.0558,2.22757,168.9
0.42822,12.2628,3.88735,7715.3
0.0,0.0,0.98112,9.6
0.0,0.0,1.28082,19.1
0.49365,9.8342,3.85417,7147.7
0.95947,7.0059,2.85378,714.1
0.87988,6.499,2.50645,321.0
0.36133,8.3025,1.87966,75.8
0.36133,8.8989,2.8843,766.1
0.0332,11.8076,1.71251,51.6
0.15747,11.072,4.03886,10936.1
0.66821,11.5327,3.91348,8193.7
0.04712,13.601,2.07888,119.9
0.21606,5.2173,0.99259,9.8
0.11792,11.4981,4.14593,13993.6
0.28687,9.0492,1.9942,98.7
0.85498,7.6326,3.3028,2008.2
0.93726,10.5424,4.03811,10917.3
0.95459,14.5162,3.81968,6602.0
0.66309,7.616,4.05399,11323.7
0.97778,4.1529,2.69,489.8
0.46851,8.5277,3.98016,9553.6
0.30713,8.2559,2.58779,387.1
0.23706,10.9586,1.86687,73.6
0.0,0.0,2.66016,457.3
0.02295,13.3028,2.12836,134.4
0.9978,10.2587,3.70564,5077.4
0.56445,11.3513,3.9415,8739.8
0.79761,5.3309,1.4188,26.2
0.17725,7.9772,1.50378,31.9
0.90234,7.4702,2.30469,201.7
0.08154,15.0855,2.59557,394.1
0.98999,15.4269,4.39674,24930.8
0.97998,16.2493,4.34329,22044.0
0.9519,15.5225,4.43589,27283.2
0.9541,10.1806,3.56904,3707.2
0.29932,14.1829,3.37714,2383.1
0.01562,16.108,1.89089,77.8
0.14844,9.8178,2.26448,183.9
0.01978,7.8095,0.91289,8.2
0.42236,11.2026,3.94605,8831.9
0.0,0.0,1.91169,81.6
0.41406,6.3766,1.19272,15.6
0.1145,11.1676,2.05601,113.8
0.00635,16.6626,2.0837,121.3
0.96167,12.9676,3.54796,3531.5
0.0,0.0,0.92394,8.4
1.0,0.0,1.74338,55.4
0.91138,9.0466,4.17808,15068.9
0.66797,8.9539,4.02613,10620.2
0.28516,9.0021,3.20108,1588.8
0.99731,6.1727,2.94505,881.2
0.40381,8.2461,1.71636,52.0
0.98535,13.4808,4.10001,12589.5
0.67139,12.1022,3.68217,4810.2
0.00293,18.5062,2.77694,598.3
0.02979,12.4527,1.49132,31.0
1.0,0.0,1.6916,49.2
0.35107,5.6904,2.28873,194.4
0.00024,0.0045,2.11276,129.6
0.86377,5.3568,1.12614,13.4
0.83496,5.5072,2.38767,244.2
0.5647,6.6804,2.54235,348.6
0.07104,17.3486,1.95185,89.5
0.78882,5.15,2.30703,202.8
0.81128,8.6381,2.11734,131.0
0.16382,6.6962,2.27975,190.4
0.9873,11.6444,3.16454,1460.6
0.99048,9.02,2.71994,524.7
0.00488,14.7922,1.62493,42.2
0.94336,11.3292,3.80834,6431.9
0.14258,12.885,2.77787,599.6
0.39087,7.1344,2.57759,378.1
0.75513,8.0278,3.50908,3229.1
0.54565,8.4169,3.65081,4475.2
0.94507,10.16,4.00488,10113.1
0.74414,10.8344,3.86675,7357.8
0.32056,12.8192,3.34714,2224.1
0.34033,10.9032,3.53753,3447.7
0.64697,3.8346,1.47711,30.0
0.54199,10.0486,3.45761,2868.2
1.0,0.0,1.83268,68.0
0.3772,6.492,1.84502,70.0
0.51025,3.4903,1.34196,22.0
0.19214,9.7789,2.35308,225.5
0.99902,6.49,0.97571,9.5
0.70264,9.5775,3.30318,2009.9
0.21851,10.513,3.63607,4325.8
0.23901,12.8694,3.73634,5449.3
0.0,0.0,1.37385,23.7
0.80371,7.4292,3.24512,1758.4
1.0,0.0,3.96555,9237.5
0.0,0.0,1.03449,10.8
0.01294,16.052,1.60951,40.7
0.26099,9.6287,1.88133,76.1
0.07812,15.7209,2.59082,389.8
0.36206,6.1328,1.53205,34.0
0.25757,9.9878,2.8717,744.2
0.21021,7.9005,2.15962,144.4
0.21924,11.1021,3.29635,1978.6
0.59497,6.2133,2.84413,698.4
0.33716,13.8141,3.41028,2572.1
0.00049,0.0086,1.80303,63.5
0.55933,10.0915,3.48616,3063.1
0.25464,11.6584,3.58687,3862.5
0.33228,9.2465,3.54059,3472.1
0.01392,8.1542,1.15315,14.2
0.98389,15.2939,4.35958,22886.4
0.37256,7.554,3.0105,1024.5
0.25562,8.8363,1.89793,79.1
0.99512,9.3843,2.48908,308.4
0.25122,8.1638,2.794,622.3
0.01489,14.1584,2.79461,623.2
0.04663,12.9424,1.80893,64.4
0.24951,8.2334,1.87106,74.3
0.22827,5.635,2.23135,170.4
0.35352,10.1732,3.75597,5701.3
0.24609,10.046,2.50117,317.1
0.99902,11.724,1.04422,11.1
0.6123,7.8149,2.55511,359.0
0.88916,7.9446,1.63871,43.5
0.00488,12.2379,0.94844,8.9
0.98511,15.3467,4.47239,29674.8
0.39014,6.7633,1.97611,94.6
0.07056,12.2277,2.86668,735.7
0.93896,9.7528,2.21167,162.8
0.0022,14.0111,1.0982,12.5
0.99805,12.7881,4.19421,15639.1
0.62109,14.0421,4.32125,20953.0
0.02588,11.0011,1.58417,38.4
0.0332,15.4031,2.43012,269.2
0.52173,7.9528,2.26808,185.4
0.0,0.0,1.51397,32.7
0.93237,10.6881,3.32028,2090.6
0.94092,11.1619,3.75989,5752.9
0.33813,8.0703,3.67843,4769.0
0.89429,10.9707,3.36993,2343.8
0.0376,5.7552,0.96699,9.3
0.04517,16.4267,1.74186,55.2
0.08936,14.2921,2.78304,606.8
0.771,10.7522,3.47072,2956.1
0.57812,6.5254,2.31478,206.4
0.08789,13.1019,2.54436,350.2
0.63672,9.5894,3.97442,9427.9
0.00024,0.0035,0.98911,9.8
0.24707,10.5308,1.8843,76.6
0.51636,8.3553,1.96228,91.7
0.99023,19.2524,4.52994,33879.4
0.24121,8.0356,1.73433,54.2
0.85498,3.0226,1.0752,11.9
0.18066,8.7952,2.42452,265.8
0.09326,17.3807,3.27596,1887.8
0.01758,12.3421,1.46356,29.1
0.43677,11.6707,3.97067,9347.0
0.79199,8.0061,1.62079,41.8
0.63013,10.5103,3.47597,2992.1
0.0061,9.6978,1.49421,31.2
0.70654,10.5638,4.12422,13311.3
0.4353,7.2711,1.63856,43.5
0.21313,14.1996,3.5749,3757.5
0.99292,13.8554,3.96702,9268.7
0.99902,7.8389,1.83446,68.3
0.00757,16.5907,1.2422,17.5
0.13525,11.7029,3.04439,1107.6
0.16064,9.0053,2.72612,532.3
0.66919,6.6908,2.65415,451.0
0.58667,11.484,3.75747,5721.0
0.36694,7.9963,2.59493,393.5
1.0,0.0,2.71885,523.4
0.17725,9.1356,2.68317,482.1
0.9231,7.3697,2.5638,366.3
0.9917,7.1446,2.3853,242.8
1.0,0.0,1.49091,31.0
0.07837,10.6081,1.98192,95.9
0.53564,4.5822,1.8708,74.3
0.88281,7.5835,1.80975,64.5
0.3208,14.4033,3.76292,5793.2
0.84863,7.2294,1.31969,20.9
0.0625,11.9462,1.65353,45.0
0.99707,9.8415,2.82619,670.2
0.03833,14.5123,2.04487,110.9
0.49463,6.392,1.78046,60.3
0.89722,5.8916,2.26714,185.0
1.0,0.0,2.73708,545.9
1.0,0.0,3.36658,2325.8
0.81396,13.8151,4.45482,28498.6
0.41919,8.5117,4.01796,10422.2
0.99731,8.3586,2.47394,297.8
0.23462,11.5335,2.55302,357.3
0.07349,12.7255,2.42178,264.1
0.02319,21.6228,1.77597,59.7
0.93433,15.5042,4.38009,23993.4
0.0,0.0,1.15392,14.3
0.99976,0.0019,1.65181,44.9
0.2854,9.2933,3.32145,2096.3
0.15015,8.8408,3.05689,1140.0
0.68262,4.9629,1.92105,83.4
0.98901,13.5779,4.32598,21182.8
0.01318,12.0401,2.39892,250.6
0.18896,9.6694,3.08133,1206.0
0.78931,7.31,1.23563,17.2
0.89966,11.2546,4.1577,14377.9
0.00146,11.3377,1.27938,19.0
0.15576,5.8491,2.34263,220.1
0.7312,8.2657,4.13828,13749.3
0.56494,12.2724,4.35535,22664.9
0.99634,17.3056,4.20551,16051.1
0.73779,13.2577,3.92646,8442.4
0.00903,16.628,1.75539,56.9
0.04077,7.4168,1.01946,10.5
0.41772,8.2083,2.55365,357.8
0.25928,5.3202,1.1339,13.6
1.0,0.0,4.41213,25830.1
0.06836,4.5326,0.933,8.6
0.39722,9.5693,2.09214,123.6
0.43506,7.0199,1.64576,44.2
0.0,0.0,0.95311,9.0
0.65308,8.5616,2.72633,532.5
0.0061,8.4995,1.18092,15.2
1.0,0.0,4.19076,15515.3
0.60034,12.0542,3.41514,2601.0
0.14014,9.4666,2.25478,179.8
0.95312,10.1802,3.9775,9495.2
0.08813,16.6517,3.81418,6519.0
0.31323,4.935,2.09565,124.6
0.58228,10.9191,3.99819,9958.5
0.94336,11.8766,4.29838,19878.2
0.9834,12.9224,3.16769,1471.2
0.00684,12.3781,2.18823,154.3
0.84521,10.0527,4.19312,15599.9
0.59839,10.9122,4.34758,22262.9
0.16919,10.5318,2.17179,148.5
0.17188,6.868,1.21833,16.5
0.4209,10.7461,4.07338,11840.9
0.28296,10.6159,3.33172,2146.5
0.0,0.0,1.75063,56.3
0.07764,11.8431,2.9742,942.3
0.17383,7.1511,2.02899,106.9
0.84741,9.8181,4.26108,18242.3
0.99976,0.0015,2.15291,142.2
0.19067,8.4885,1.62006,41.7
0.00244,7.6962,1.06094,11.5
0.89282,7.7644,2.15438,142.7
0.99976,0.0047,4.51775,32942.1
0.01685,16.1663,1.70073,50.2
0.10156,10.7836,2.57645,377.1
0.91797,12.3687,4.4544,28471.0
0.8252,1.8764,0.92762,8.5
0.06519,18.0102,1.98102,95.7
0.98193,15.0294,3.90305,7999.3
0.0,0.0,1.25282,17.9
0.95874,14.3935,4.29435,19694.9
0.32104,14.7612,3.95191,8951.7
0.82617,5.2825,1.42569,26.6
0.12134,9.6309,3.06706,1167.0
0.47583,7.0259,2.93244,855.9
0.88647,10.2562,3.4373,2737.2
0.72217,7.4024,2.02404,105.7
0.34082,6.4516,2.30649,202.5
0.22314,5.6775,1.78279,60.6
0.99976,0.002,1.96946,93.2
0.02563,11.3077,1.54506,35.1
0.72729,9.8918,4.20707,16108.9
0.78223,11.6337,4.14504,13964.9
0.04126,11.2858,2.21831,165.3
0.47339,14.0997,3.43556,2726.2
0.12646,11.4728,2.69417,494.5
0.00073,0.0134,1.92885,84.9
0.32593,7.3899,2.18027,151.4
0.9707,12.6699,4.42901,26854.0
0.96045,8.7214,2.15052,141.4
0.99854,13.3112,3.01708,1040.1
1.0,0.0,4.35575,22685.6
0.01147,17.9343,1.99026,97.8
0.99854,10.0669,3.85832,7216.4
0.01367,11.745,1.31985,20.9
0.98755,10.3881,3.5821,3820.3
0.17676,13.8634,3.85009,7081.0
0.84985,9.0714,3.96245,9171.7
0.96606,18.0674,4.46517,29185.4
0.81519,11.0773,3.5003,3164.5
1.0,0.0,4.47305,29720.1
0.08203,13.4899,1.91997,83.2
0.66699,5.885,2.80846,643.4
0.00049,0.0077,1.68515,48.4
0.04785,6.0002,1.20824,16.2
0.20605,12.1893,2.50662,321.1
0.25146,11.1824,3.53224,3405.9
0.93896,9.666,3.74692,5583.7
0.0,0.0,0.96515,9.2
0.82153,11.149,4.34522,22142.0
0.00635,13.7065,1.80629,64.0
0.05444,15.5628,1.97056,93.4
0.87231,9.6807,3.94407,8791.6
0.4707,10.6245,4.16985,14785.9
0.99634,10.5242,3.59345,3921.5
0.60083,4.6892,2.11894,131.5
0.99414,8.7666,2.59395,392.6
0.74463,11.3973,3.95208,8955.3
0.45044,5.3759,2.20841,161.6
0.62231,9.0636,3.84504,6999.1
1.0,0.0,3.75994,5753.6
0.30762,11.8634,2.61525,412.3
0.38599,11.5783,4.1784,15079.8
0.99976,0.0031,2.30782,203.2
0.57056,10.0854,3.64269,4392.3
0.1626,15.3356,3.24023,1738.7
0.98999,6.1537,2.11322,129.8
0.99707,7.1462,2.84581,701.1
0.94116,8.3084,3.11708,1309.4
0.17993,9.0674,2.86423,731.5
1.0,0.0,1.30757,20.3
0.99927,0.0173,4.52507,33501.9
0.97632,11.9055,4.4343,27183.3
0.16089,5.7586,1.03999,11.0
1.0,0.0,4.35274,22529.1
0.03564,14.9487,2.84473,699.4
0.00122,9.4345,1.36232,23.0
0.99609,14.0941,3.9008,7958.0
0.11035,10.3044,2.4848,305.4
0.79272,8.2837,3.50853,3225.0
0.69092,7.3329,3.92511,8416.1
0.20532,7.5372,2.86866,739.0
0.0127,7.3141,1.08453,12.1
0.76416,11.2241,3.90775,8086.3
0.67871,10.0426,3.43856,2745.1
0.82959,9.6298,4.22803,16905.6
1.0,0.0,1.88996,77.6
0.8396,6.7988,3.77149,5908.6
0.99097,13.4099,4.09277,12381.5
0.78638,6.8468,2.20017,158.6
0.11108,8.8307,2.40159,252.1
1.0,0.0,2.12322,132.8
0.01538,10.2612,0.92401,8.4
0.0896,11.2766,1.74902,56.1
0.70093,8.4397,2.11426,130.1
0.99487,11.6089,1.29911,19.9
0.63379,9.2426,3.69983,5009.9
0.93823,7.608,2.46284,290.3
0.01074,12.2494,2.9789,952.6
0.01758,17.2742,1.94282,87.7
0.02881,11.8089,2.21952,165.8
0.67871,11.0339,3.65536,4522.3
0.03687,16.0989,2.61943,416.3
0.53857,5.933,3.08231,1208.7
0.0437,11.1148,2.44723,280.0
0.7981,9.1656,2.93806,867.1
0.6062,12.3252,4.18133,15182.1
0.91602,7.1898,1.87997,75.9
0.97266,9.8579,2.79933,630.0
0.97583,13.273,3.41367,2592.2
0.00171,10.422,1.22015,16.6
0.81958,14.2705,4.41751,26152.2
0.28589,8.0411,2.72516,531.1
0.15137,9.7944,1.79936,63.0
0.74072,10.7605,3.68111,4798.5
0.40088,13.1081,3.88258,7631.0
0.46729,7.9469,3.20688,1610.2
0.87817,11.5549,4.25003,17783.9
0.00024,0.0029,1.2279,16.9
0.38672,8.2253,2.83052,676.9
0.46338,10.7099,3.61703,4140.2
0.73389,8.9682,4.25242,17882.2
0.2915,12.2912,3.24643,1763.7
0.43945,10.9703,3.10346,1269.0
0.00171,18.1728,2.32137,209.6
0.10352,11.9084,2.9913,980.2
0.70459,6.576,2.92988,850.9
0.26733,14.4827,4.20934,16193.4
0.94312,9.8653,3.92467,8407.5
0.15259,13.4413,3.59622,3946.6
0.40894,10.9349,4.27787,18961.5
0.0,0.0,1.1448,14.0
0.41797,12.1181,3.71467,5184.0
0.99609,5.7079,2.59678,395.2
0.72241,9.3792,3.64959,4462.6
0.74414,4.9614,1.98509,96.6
0.58105,7.3176,2.61038,407.7
0.6604,11.7117,3.9155,8231.8
0.66748,6.9512,1.03161,10.8
0.59058,8.4119,1.96664,92.6
0.12866,12.8935,2.68754,487.0
0.99878,11.6822,4.01381,10323.1
0.14771,9.2962,1.88958,77.5
0.9231,9.8635,3.90996,8127.5
0.36743,7.0711,1.79646,62.6
0.28467,9.1347,2.01056,102.5
0.97095,8.9476,2.92631,843.9
0.45947,10.7985,3.29194,1958.6
0.90625,10.435,4.11817,13127.2
0.64697,7.9048,4.11597,13060.8
0.11401,14.1033,1.81698,65.6
1.0,0.0,3.62693,4235.8
0.58984,10.7262,3.22285,1670.5
0.05664,9.7726,2.31375,205.9
0.70117,8.878,3.73814,5471.9
0.6936,11.733,4.18192,15202.6
0.43042,6.7542,2.65369,450.5
0.60229,11.9891,4.24982,17775.3
0.04297,6.932,1.36932,23.4
0.15796,7.1501,1.51022,32.4
0.67676,9.8171,3.69488,4953.1
0.48535,7.6295,2.01934,104.6
0.19043,11.2729,3.04156,1100.4
0.67432,7.5315,2.719,523.6
0.20483,5.5483,1.43568,27.3
0.44092,11.8186,3.65847,4554.8
0.42993,7.7231,3.6117,4089.8
0.04004,9.2447,1.43355,27.1
0.97729,5.7944,1.85209,71.1
0.31396,12.6248,3.8278,6726.6
1.0,0.0,4.23566,17205.3
0.13208,8.0034,4.08171,12070.2
0.93823,9.1872,2.7365,545.1
0.85059,4.8139,2.24526,175.9
0.18018,8.6332,2.52969,338.6
0.97412,6.7749,1.54747,35.3
0.09009,11.9805,2.71504,518.9
0.98828,7.6678,1.74657,55.8
0.87183,5.8853,1.49473,31.2
0.34351,6.7781,2.29359,196.6
0.0,0.0,1.13666,13.7
0.61377,4.954,2.62139,418.2
0.30176,12.244,3.44623,2794.0
0.59351,10.2864,3.28282,1917.9
0.9834,11.721,4.46592,29236.0
0.3147,11.7602,4.13909,13774.8
0.73804,6.9304,3.21832,1653.2
0.76685,9.4235,4.1823,15215.9
0.4751,6.2409,2.52675,336.3
0.96411,14.7192,3.82155,6630.5
0.07812,17.7967,1.94235,87.6
1.0,0.0,2.82725,671.8
0.95825,18.7328,4.48276,30391.8
0.13257,10.5969,3.09063,1232.1
0.75488,8.165,2.75451,568.2
0.91333,10.6386,3.77929,6015.8
0.10474,12.483,2.0442,110.7
0.37256,8.9661,3.93907,8691.0
1.0,0.0,0.97084,9.4
0.0061,20.4266,1.77349,59.4
0.0,0.0,1.55061,35.5
0.04614,14.8992,1.84325,69.7
0.90771,9.9252,4.35732,22767.6
0.98071,9.151,0.99038,9.8
0.02588,12.63,1.99447,98.7
0.59814,7.2831,3.00146,1003.4
0.74609,10.2193,3.47163,2962.3
0.89209,10.6217,3.72989,5368.9
0.0769,11.4793,2.30332,201.1
0.31641,8.8719,1.70743,51.0
0.77637,10.4897,4.01692,10397.2
0.12183,8.6703,1.34912,22.3
0.56641,4.0685,1.14063,13.8
0.73047,8.9803,1.7491,56.1
0.13818,11.5094,2.70261,504.2
0.97925,17.9474,4.345,22130.7
0.24023,10.0422,3.56574,3679.1
0.33521,6.4793,2.9634,919.2
0.15503,12.1566,2.80721,641.5
0.12671,12.7851,3.43629,2730.8
0.2793,10.2296,3.19171,1554.9
0.29004,7.7165,2.13171,135.4
0.0,0.0,1.24185,17.5
0.75269,4.8808,1.6371,43.4
0.72681,11.0666,3.76249,5787.5
0.98315,10.496,3.22088,1663.0
0.87939,12.8839,3.81535,6536.6
0.00903,11.4333,1.06562,11.6
0.71118,8.5305,4.19398,15630.6
0.17432,7.9805,2.29954,199.3
0.99902,12.9312,4.28658,19345.3
0.84961,9.3997,3.07499,1188.5
0.07007,8.8449,2.90254,799.0
0.37769,10.0566,3.8917,7792.9
0.91895,8.9386,3.18792,1541.4
0.39844,8.1581,3.36744,2330.5
0.43994,4.4573,1.47884,30.1
0.35229,9.3676,3.1113,1292.1
0.01953,12.8047,2.20546,160.5
0.19946,3.4215,1.17923,15.1
0.0835,5.782,1.38967,24.5
0.06445,11.8588,2.6559,452.8
0.18262,13.5069,1.86208,72.8
0.48535,11.7331,3.69898,5000.1
0.04102,10.1512,1.35024,22.4
0.00073,0.0116,0.95357,9.0
0.93677,17.6896,4.54527,35096.9
0.08472,12.289,2.04644,111.3
0.04419,13.1118,2.76546,582.7
0.03271,11.4897,1.67044,46.8
0.76465,6.6274,1.66588,46.3
0.57275,7.8488,2.37279,235.9
0.98462,10.0495,3.78839,6143.2
0.39404,4.7668,1.04557,11.1
0.99805,17.534,3.96194,9160.9
1.0,0.0,4.52075,33170.1
0.94531,7.15,2.94583,882.7
0.02002,13.826,2.21829,165.3
0.54126,7.959,1.75771,57.2
0.99707,4.9988,1.57145,37.3
0.35156,8.1899,2.0843,121.4
0.5249,9.5365,4.01437,10336.5
0.0,0.0,0.91498,8.2
0.78027,11.3689,3.77444,5948.9
0.10962,16.1827,3.34136,2194.6
0.00098,10.2182,0.97256,9.4
0.00049,0.0053,1.15716,14.4
0.87964,9.5566,3.58843,3876.4
0.04297,17.8713,3.36233,2303.2
0.26001,10.1765,2.04835,111.8
1.0,0.0,4.04957,11209.0
0.01636,17.8323,1.67084,46.9
0.31006,8.2929,2.46268,290.2
0.00293,8.1679,1.32323,21.0
0.15747,16.8302,3.26195,1827.9
0.6604,2.1304,1.22101,16.6
0.04395,11.4725,1.55878,36.2
0.53516,12.1106,3.70273,5043.5
0.07715,8.7451,2.73057,537.7
0.44287,10.2836,3.32103,2094.3
0.95654,11.8883,3.58438,3840.4
0.45435,10.5528,3.11895,1315.1
0.00635,15.3794,1.62555,42.2
0.99976,0.0028,3.45484,2850.0
0.625,5.8855,1.32664,21.2
0.17334,10.1395,1.88877,77.4
0.07837,13.6473,2.54023,346.9
0.04688,5.0318,1.32117,20.9
0.0,0.0,1.2903,19.5
0.40186,9.043,3.28597,1931.8
0.70972,11.6077,3.61362,4107.9
0.21753,9.3286,2.2573,180.8
0.0061,12.345,2.32731,212.5
0.87622,7.0944,1.6615,45.9
0.11914,8.9703,2.80871,643.7
0.30908,8.1444,3.0233,1055.1
1.0,0.0,4.31375,20594.6
0.07886,5.1984,1.05134,11.3
1.0,0.0,4.22286,16705.3
0.99976,0.0045,4.52214,33276.4
0.0,0.0,2.16814,147.3
0.99365,8.0756,3.55462,3586.1
0.91602,11.4014,3.91642,8249.4
0.83252,10.0996,3.28179,1913.3
0.03662,13.9588,1.95852,90.9
0.0625,11.4507,3.1787,1509.0
0.54175,9.4576,4.10662,12782.7
0.0,0.0,1.29416,19.7
0.99048,7.6215,2.65653,453.5
1.0,0.0,0.98582,9.7
1.0,0.0,3.98991,9770.3
0.54077,12.0321,3.74708,5585.7
0.0083,5.82,1.07126,11.8
0.55737,12.1309,3.6277,4243.2
0.76465,6.94,3.42949,2688.4
0.00903,13.8317,1.36431,23.1
0.80396,7.9258,2.82164,663.2
1.0,0.0,3.42147,2639.2
0.05566,11.7561,2.12869,134.5
1.0,0.0,2.74394,554.5
0.86475,14.682,4.46838,29402.1
0.98706,11.2325,3.22537,1680.2
0.06226,11.9052,2.73698,545.7
0.0,0.0,1.14419,13.9
0.19678,6.5289,1.34576,22.2
0.99243,12.6347,4.01113,10259.7
0.99829,11.4378,3.61596,4130.1
0.87646,13.6693,3.95387,8992.3
0.98926,8.5743,3.01496,1035.0
0.9729,9.1077,3.00737,1017.1
0.41406,7.6169,2.8414,694.1
0.9541,10.118,3.5885,3877.0
0.16821,5.1231,2.10942,128.7
0.01001,16.1413,2.71766,522.0
0.05054,14.4307,2.61925,416.2
0.66479,9.6722,3.32019,2090.2
0.05566,14.5308,1.69295,49.3
0.19165,6.7208,0.99469,9.9
0.0,0.0,1.22662,16.9
0.99976,0.0019,1.5579,36.1
0.96582,11.8712,4.03479,10834.0
0.7627,11.2301,3.52185,3325.4
0.29761,12.1629,3.64289,4394.3
0.78564,6.6517,2.52595,335.7
0.71362,6.578,1.27853,19.0
0.00732,14.4824,2.60283,400.7
1.0,0.0,4.05576,11370.1
0.08398,11.1968,2.76314,579.6
0.31616,9.0649,3.21132,1626.8
0.02661,13.9659,2.2701,186.3
0.05176,9.751,1.45139,28.3
1.0,0.0,3.1923,1557.0
0.34839,10.1452,2.67482,473.0
0.00049,0.0077,2.16574,146.5
0.48706,10.1137,1.84752,70.4
0.76758,6.7632,3.44569,2790.6
0.59253,3.9203,2.06449,116.0
0.43823,5.9444,3.00722,1016.8
0.27832,6.9833,1.85198,71.1
0.47144,13.4973,3.65546,4523.4
1.0,0.0,2.27286,187.4
0.86987,5.5483,2.65113,447.8
0.57056,7.5594,4.29173,19576.5
0.16357,13.3704,3.52749,3368.9
0.65356,10.6053,3.59307,3918.0
0.0144,16.641,2.14278,138.9
0.18188,11.7808,3.97302,9397.7
0.69482,7.1946,2.31235,205.3
0.99927,0.0132,4.51358,32627.3
0.89258,11.8606,4.176,14996.9
0.16895,16.4751,3.31101,2046.5
1.0,0.0,3.9406,8721.8
0.40674,9.8658,2.8906,777.3
0.18799,12.5462,3.58121,3812.5
0.00195,13.0185,1.35892,22.9
0.99976,0.0061,4.5146,32704.2
0.73145,7.6517,3.82643,6705.5
0.00903,13.6854,1.42346,26.5
0.41992,10.2343,1.78941,61.6
0.45947,7.137,3.00359,1008.3
0.69385,11.7042,3.68958,4893.1
0.20361,6.9111,1.44688,28.0
0.81616,11.0983,4.4125,25852.6
0.88062,6.9222,2.16689,146.9
0.99878,12.6063,4.53794,34509.9
0.81763,7.5471,3.65245,4492.1
0.07446,9.3267,2.6768,475.1
0.05005,12.1366,2.22811,169.1
0.5127,5.2134,1.25558,18.0
0.23022,5.0994,1.22421,16.8
0.89771,8.3359,3.20262,1594.5
0.55127,9.0037,3.72893,5357.1
0.99316,13.9074,4.21853,16539.9
0.96313,5.9653,2.23647,172.4
0.9292,14.4141,4.32845,21303.6
0.28662,12.4047,1.98764,97.2
0.87646,13.9655,4.33668,21711.1
1.0,0.0,4.25979,18188.3
0.0,0.0,1.46933,29.5
0.97852,10.9734,4.04775,11162.3
0.2439,11.5996,3.47382,2977.3
1.0,0.0,3.46924,2946.1
0.43018,8.9763,3.9733,9403.6
0.05835,11.9706,2.86364,730.5
0.11035,11.9029,2.75442,568.1
0.0249,9.5777,2.24393,175.4
0.36621,7.8981,4.06403,11588.6
0.34375,7.9526,4.19499,15667.3
0.02051,12.471,1.48959,30.9
0.84619,10.8407,3.72399,5296.5
0.60913,8.2612,1.90959,81.2
0.19824,5.5913,1.57476,37.6
0.17432,7.8621,1.62353,42.0
0.18066,10.8375,2.9975,994.3
0.03101,17.629,1.92515,84.2
1.0,0.0,1.78819,61.4
0.0,0.0,1.26292,18.3
0.20288,8.8813,2.08933,122.8
0.97729,11.9344,3.73102,5382.9
0.0,0.0,0.98199,9.6
0.59839,6.6046,2.66635,463.8
0.14429,9.9366,3.10527,1274.3
0.99976,0.0039,1.08436,12.1
0.17041,10.4653,1.97703,94.8
0.21094,10.3605,4.21464,16392.3
0.94067,14.0129,4.53561,34325.3
0.45044,8.7548,4.00944,10219.8
0.11768,9.5844,1.52303,33.3
0.20801,12.4361,3.69472,4951.3
0.48706,7.7436,2.5502,355.0
0.00024,0.0051,1.52649,33.6
0.03687,17.9509,2.65986,456.9
0.81226,12.3795,4.27457,18817.8
0.99951,0.0096,4.10788,12819.8
0.625,7.6968,2.33345,215.5
0.0,0.0,1.13453,13.6
0.22998,12.5793,4.193,15595.6
1.0,0.0,4.5062,32077.5
0.18164,9.9155,2.77132,590.6
0.0188,11.6538,1.72609,53.2
0.95435,8.2531,2.88968,775.7
0.87744,8.5358,3.44673,2797.2
0.32446,7.5883,2.6647,462.1
0.20044,9.3486,2.19102,155.2
0.01294,17.5038,1.8083,64.3
0.16675,9.5572,1.98758,97.2
0.00244,8.3463,1.0851,12.2
0.34937,8.1544,1.83493,68.4
0.84546,14.6397,4.38508,24270.4
0.24902,3.4609,0.93267,8.6
0.32837,11.1642,3.56069,3636.5
0.95947,10.4454,3.78516,6097.6
0.01636,12.6861,2.38158,240.8
1.0,0.0,3.07763,1195.7
0.00562,18.1129,1.71002,51.3
0.69141,5.9646,3.3436,2206.0
0.49121,10.9077,3.48893,3082.7
0.29468,11.4635,3.58662,3860.3
0.10718,13.2997,2.69947,500.6
0.97241,17.4002,4.44823,28068.9
1.0,0.0,4.06792,11693.0
0.98584,6.9203,2.9944,987.2
0.83911,8.8293,3.39591,2488.3
0.04492,13.9432,1.90694,80.7
0.76465,8.7232,4.35036,22406.0
0.86206,10.3652,3.25993,1819.4
0.9436,7.4634,4.17244,14874.3
0.79419,5.8931,1.9575,90.7
0.95679,16.7086,4.49194,31041.1
0.72754,2.2919,1.2883,19.4
0.07642,12.4358,2.84057,692.7
0.00952,9.3132,1.30667,20.3
0.04614,10.6179,1.59643,39.5
0.41724,11.5986,3.69469,4951.0
0.66992,4.4786,1.14455,13.9
1.0,0.0,2.30121,200.1
0.35815,4.6948,1.60325,40.1
0.6311,10.8872,4.00931,10216.7
0.07642,7.2678,1.20403,16.0
0.02417,11.6498,2.13268,135.7
0.95288,12.2238,4.03113,10743.1
0.51074,8.8681,3.41253,2585.4
0.64966,9.5017,3.4725,2968.2
1.0,0.0,4.52411,33428.1
0.073,5.0317,0.98865,9.7
0.29639,13.6953,3.33181,2146.9
0.86084,10.945,3.62458,4212.9
0.79419,9.5786,3.63633,4328.4
0.81055,8.5659,3.51156,3247.6
0.00903,9.4789,1.1669,14.7
0.0647,5.961,1.20974,16.2
0.8645,9.2949,3.7263,5324.8
0.3064,11.4901,3.13802,1374.1
0.05151,12.6246,1.86269,72.9
0.08081,8.364,0.93703,8.7
0.94482,10.3112,2.85193,711.1
0.02197,6.0251,1.23343,17.1
0.82373,7.3114,3.63709,4336.0
0.125,9.9058,2.14782,140.5
1.0,0.0,3.85298,7128.2
0.08032,7.6117,1.25218,17.9
0.03833,11.1275,2.70769,510.1
0.13257,3.3081,1.26755,18.5
1.0,0.0,3.75391,5674.3
0.38672,9.5595,2.94883,888.8
0.56934,7.3892,1.76045,57.6
1.0,0.0,4.4206,26338.8
0.35132,10.0704,3.39456,2480.6
0.0061,18.5082,2.13182,135.5
0.99805,12.5781,4.0278,10661.1
0.02832,13.2462,2.29125,195.5
0.7019,14.536,4.34611,22187.8
0.00464,21.4669,1.98852,97.4
0.90845,15.0675,4.49917,31562.4
0.00073,0.0103,1.13135,13.5
0.37109,9.5609,3.58663,3860.4
0.00244,19.0017,1.96764,92.8
0.01367,15.7218,2.45169,282.9
0.07812,12.1047,3.22721,1687.4
0.0,0.0,1.07052,11.8
0.0,0.0,1.71973,52.4
0.72314,4.0744,1.28309,19.2
0.75464,8.0149,3.60517,4028.8
0.22729,8.1578,1.71133,51.4
0.10352,12.3609,2.7236,529.2
0.10303,8.3736,2.10322,126.8
0.00732,21.046,1.76567,58.3
1.0,0.0,4.31949,20868.6
0.68799,7.8447,2.75708,571.6
0.67407,8.2185,3.2794,1902.8
0.24414,11.4708,3.47635,2994.7
0.55225,9.3939,3.90293,7997.1
0.0415,13.2806,1.86469,73.2
0.22339,6.6495,1.19021,15.5
0.70239,6.9637,2.61004,407.4
0.29541,9.7644,1.52416,33.4
0.08447,6.0902,0.97773,9.5
1.0,0.0,4.26289,18318.6
0.39282,8.2191,3.19214,1556.5
0.01831,14.874,2.41685,261.1
0.01099,12.0503,1.40155,25.2
0.47314,6.8084,3.68409,4831.6
0.80664,7.6521,2.85027,708.4
0.12305,7.8831,1.53983,34.7
0.97852,20.9286,4.49154,31012.6
0.98999,20.0134,4.37662,23802.3
1.0,0.0,4.29013,19504.4
0.94824,13.5729,3.92302,8375.6
0.10742,12.7617,2.84508,700.0
0.85669,8.4347,2.0007,100.2
0.96851,9.0994,3.28392,1922.7
0.32373,7.1559,1.456,28.6
0.27393,9.9443,3.15644,1433.6
0.00952,9.9886,1.14445,13.9
0.0,0.0,0.95272,9.0
0.90063,9.8362,3.51702,3288.7
0.98486,8.1155,2.15509,142.9
0.95093,11.5559,3.4503,2820.3
0.97021,11.552,3.7524,5654.6
0.26855,11.9356,3.95463,9008.1
0.20996,10.292,3.15285,1421.8
0.52856,11.3244,3.9964,9917.5
0.39624,10.2292,3.31008,2042.1
1.0,0.0,4.29064,19527.3
0.33325,10.3788,4.17947,15117.2
0.0,0.0,1.06121,11.5
0.66211,5.9989,1.88086,76.0
0.68628,7.6696,2.32355,210.6
0.99756,8.1661,1.82443,66.7
0.29712,6.5628,1.54931,35.4
0.70312,9.0087,4.09407,12418.6
0.16748,6.9276,0.99443,9.9
0.00024,0.0038,1.56746,36.9
0.51514,10.4949,3.68042,4790.9
0.11279,10.7767,1.71889,52.3
0.28052,8.3712,1.84691,70.3
0.99927,0.0177,4.43747,27382.3
0.78589,9.6618,3.68922,4889.0
0.0105,19.2696,2.54216,348.5
0.92456,3.2597,1.40066,25.2
0.34326,8.3608,1.88597,76.9
1.0,0.0,4.48749,30724.7
0.56543,9.6964,3.79307,6209.6
0.89258,7.9648,1.15837,14.4
0.38086,7.4293,3.48534,3057.3
0.05444,9.8785,2.27681,189.2
0.87207,7.141,3.53305,3412.4
0.11035,15.052,1.98242,96.0
0.63916,2.6943,1.37861,23.9
0.02197,8.5018,0.97506,9.4
0.35522,8.0268,1.98329,96.2
0.44727,8.7514,4.04611,11120.1
0.76318,10.7203,4.15895,14419.3
0.31885,10.3339,3.39886,2505.3
0.31177,9.2818,3.63528,4318.0
0.14673,8.5645,1.61411,41.1
0.02051,15.0267,2.19728,157.5
0.67041,10.3003,4.18818,15423.4
1.0,0.0,4.50618,32076.1
0.15186,10.5527,2.52166,332.4
0.29883,12.2442,3.73789,5468.8
0.93433,9.5842,4.31317,20566.9
1.0,0.0,4.54535,35103.6
0.04321,9.3118,1.98355,96.3
0.97266,10.5321,3.29255,1961.3
0.0,0.0,2.32777,212.7
0.36011,8.4886,2.60214,400.1
0.09985,10.9931,2.59058,389.6
0.12085,11.6759,1.92057,83.3
0.14453,6.8772,0.97274,9.4
0.70752,8.5999,3.70339,5051.2
0.39087,11.8808,3.44561,2790.0
0.98633,9.905,3.97397,9418.2
0.0,0.0,1.46314,29.0
0.01953,15.7421,1.76903,58.8
0.99902,11.833,3.08088,1204.7
0.90747,9.4592,4.32479,21124.5
0.51392,8.3558,2.62658,423.2
0.50171,6.2102,1.63676,43.3
0.75464,9.5255,3.07562,1190.2
1.0,0.0,4.40106,25180.1
0.82007,9.2084,4.07435,11867.4
0.23291,10.7179,4.18717,15387.6
0.64307,5.1965,2.40281,252.8
0.0,0.0,1.86131,72.7
0.09058,13.6345,4.08352,12120.4
1.0,0.0,3.78214,6055.4
0.28442,13.9078,4.01335,10312.2
0.99976,0.0017,2.33232,214.9
0.17065,11.7634,1.94849,88.8
0.52856,6.8358,1.78096,60.4
0.9939,16.1859,4.08365,12124.1
0.60913,11.961,4.26194,18278.3
0.37476,7.301,2.24442,175.6
0.63306,9.6723,4.09798,12530.7
0.90967,3.5348,2.2964,197.9
0.03076,12.1657,2.5394,346.3
0.04688,12.2377,2.97257,938.8
0.46704,7.2342,1.71155,51.5
0.08398,14.5493,1.88014,75.9
0.87793,6.0274,1.87722,75.4
0.95825,9.9234,1.85318,71.3
0.12354,8.2237,2.7864,611.5
0.05444,6.8656,1.27024,18.6
0.41406,10.6743,3.75398,5675.2
0.30103,4.8879,1.54166,34.8
0.62866,8.3954,2.525,335.0
0.26172,9.5022,3.2478,1769.3
0.271,7.2567,1.40732,25.5
0.07275,9.0197,2.39796,250.0
0.15332,13.4251,2.96044,912.9
0.24316,8.7358,2.91348,819.4
0.26294,10.9837,4.16367,14577.1
0.20947,13.1573,3.77089,5900.6
0.0498,7.7206,1.3448,22.1
1.0,0.0,3.94703,8851.8
0.89062,7.8006,2.9116,815.8
0.53467,10.1146,3.38056,2402.0
0.14429,8.3727,1.48752,30.7
0.78394,4.1092,2.62734,424.0
0.8418,7.6657,3.46003,2884.2
0.91431,11.9823,3.81635,6551.7
0.40845,10.3456,3.84689,7028.9
0.17163,9.2975,1.69632,49.7
0.48071,8.3711,3.94521,8814.8
0.15356,9.8506,2.97968,954.3
0.92212,11.5993,3.34595,2217.9
1.0,0.0,4.01399,10327.4
0.21045,8.3872,2.38435,242.3
0.40771,12.6782,4.26272,18311.4
0.49927,10.3416,4.1225,13258.7
0.32788,11.1955,3.85395,7144.2
0.02881,9.7094,2.2911,195.5
0.06592,9.7507,2.83274,680.4
0.23511,6.4492,1.53553,34.3
0.69849,8.5117,3.67725,4756.0
0.74536,9.272,4.15786,14383.5
0.23486,7.6361,1.49069,31.0
1.0,0.0,3.62381,4205.4
0.16699,15.6579,3.43904,2748.2
0.11426,5.1436,1.03651,10.9
0.75977,11.4605,4.25282,17898.5
0.51587,7.1178,2.65352,450.3
0.00708,21.2213,1.88646,77.0
0.38647,5.8638,1.01337,10.3
0.66211,7.8183,3.75933,5745.6
0.0,0.0,2.13712,137.1
0.83862,7.1485,2.77899,601.2
0.68237,7.9325,1.61451,41.2
0.71997,8.6565,3.12058,1320.0
0.13281,13.2102,2.35428,226.1
0.84888,10.0001,3.84977,7075.8
0.7395,11.1482,3.33734,2174.4
0.94824,13.2506,3.53972,3465.1
0.26245,5.7582,1.8206,66.2
0.42163,5.8235,1.13635,13.7
0.99414,15.7604,4.11777,13115.0
0.37231,15.5407,4.32122,20951.7
0.1377,13.2484,3.25394,1794.5
0.82959,11.0896,4.27048,18641.3
0.18408,10.4002,3.48333,3043.2
0.81982,7.9629,3.11629,1307.0
0.36694,5.5684,2.43397,271.6
0.11816,8.823,2.20221,159.3
0.76758,8.2503,2.69195,492.0
0.24292,7.7678,1.7157,52.0
0.698,6.3772,2.46549,292.1
0.1438,11.6894,2.75761,572.3
0.0,0.0,1.01712,10.4
0.99976,0.0017,2.34099,219.3
0.88208,4.6857,1.94227,87.6
0.97217,8.5124,3.21982,1658.9
0.77026,11.5089,3.86869,7390.8
0.37158,11.4675,3.14777,1405.3
0.99438,14.2466,3.32862,2131.2
0.98926,9.4462,3.1458,1399.0
0.13037,16.2137,1.8392,69.1
0.31982,7.803,2.27778,189.6
0.54297,10.3742,3.98713,9708.0
0.69482,14.9706,4.35912,22862.1
0.83301,6.5889,1.56506,36.7
0.91992,5.3337,0.94173,8.7
0.85522,15.2362,4.41551,26032.2
0.73169,9.7252,4.04342,11051.5
0.21143,11.1881,3.12276,1326.7
0.99805,13.1321,3.88746,7717.3
0.19702,10.97,3.07405,1185.9
0.87402,11.3311,4.20856,16164.5
0.66602,4.2722,1.79208,62.0
0.02417,18.4297,2.5256,335.4
0.15576,12.9756,3.35285,2253.5
0.79321,6.4058,1.69084,49.1
0.79541,11.0782,3.51447,3269.4
0.11035,10.2402,1.8616,72.7
0.96021,7.6035,3.49695,3140.2
0.07715,16.1262,3.84106,6935.3
0.75977,5.3886,2.4527,283.6
0.81177,13.6726,4.52018,33126.6
0.48315,10.2994,3.20961,1620.4
0.32178,11.767,3.66705,4645.7
0.06909,6.8897,0.97833,9.5
0.00171,11.5233,1.31521,20.7
0.81519,11.0806,3.5023,3179.1
0.9978,20.666,4.34849,22309.6
0.25513,12.5416,3.19814,1578.1
0.99609,16.7992,4.2379,17294.3
0.33081,4.773,1.11927,13.2
0.80786,11.8747,4.16048,14470.2
0.50586,7.5401,4.10811,12826.4
0.99121,13.3914,3.20048,1586.6
0.13477,10.4908,2.47205,296.5
0.2417,12.9011,3.47841,3008.9
0.04834,11.4118,1.79417,62.3
0.30176,9.4489,3.34214,2198.6
0.21411,11.4741,3.43937,2750.2
0.6897,7.852,2.87547,750.7
0.34497,7.8857,1.8532,71.3
0.0,0.0,0.91079,8.1
0.0,0.0,1.61831,41.5
0.70044,9.7508,3.94905,8893.0
0.55029,7.0098,1.67857,47.7
0.07153,4.0954,1.17464,14.9
0.00317,12.8355,1.8041,63.7
0.8335,8.3986,2.79974,630.6
0.51123,7.8337,3.04487,1108.8
0.9707,14.4925,4.1075,12808.4
0.35303,9.8605,4.0257,10609.5
0.99536,21.3821,4.4421,27676.0
0.99756,14.203,4.13351,13599.1
0.21338,9.8461,2.54798,353.2
0.10303,6.1167,1.4214,26.4
1.0,0.0,4.39476,24817.5
0.2395,8.2164,1.73881,54.8
0.46826,10.6194,3.17583,1499.1
0.05981,14.0032,1.86924,74.0
0.47144,11.3616,3.88713,7711.3
0.36621,7.9302,1.63656,43.3
0.92065,8.8606,2.44031,275.6
0.01611,16.1821,1.7057,50.8
0.94775,11.2157,4.04692,11140.9
0.18335,11.5315,3.16597,1465.5
0.25391,7.5608,3.20761,1612.9
0.0,0.0,2.05202,112.7
0.27954,7.5101,1.54785,35.3
0.24854,11.9066,4.03513,10842.4
0.27637,8.3301,3.69634,4969.8
0.60864,8.5208,3.58618,3856.3
1.0,0.0,4.54585,35143.9
0.69897,7.1524,2.94718,885.5
0.98242,6.4477,1.5554,35.9
0.68359,5.9545,3.12987,1348.6
0.09448,10.4709,1.95265,89.7
0.78833,7.7208,2.77697,598.4
0.41235,8.8626,2.5811,381.1
0.13281,14.1824,2.96178,915.7
0.18799,16.2611,4.26907,18581.2
1.0,0.0,3.86293,7293.3
0.13379,6.997,2.41972,262.9
0.99854,11.8025,3.88898,7744.3
0.77832,10.3117,4.04676,11136.8
0.86475,12.8114,3.73059,5377.7
0.6499,7.1232,2.91743,826.9
0.8916,9.1727,4.18859,15437.9
0.69116,6.452,2.70033,501.6
0.00024,0.0034,1.29017,19.5
0.0,0.0,1.89722,78.9
0.78418,5.6209,3.30512,2018.9
0.32983,5.9561,2.28812,194.1
0.04858,13.0648,2.44774,280.4
0.03711,12.1347,2.37244,235.7
0.01855,14.1439,1.60464,40.2
0.0,0.0,1.24478,17.6
0.21436,6.1251,1.08239,12.1
0.42822,11.4322,3.3599,2290.4
0.00049,0.0134,2.08713,122.2
0.55518,8.1536,2.57209,373.3
0.93408,13.121,4.31955,20871.3
0.32178,10.8937,3.19243,1557.5
0.17212,17.5531,3.86458,7321.2
0.21851,11.0382,3.68804,4875.7
1.0,0.0,4.3872,24389.1
0.92017,4.6807,1.1472,14.0
0.83203,5.8264,2.30644,202.5
0.99976,0.0051,4.37222,23562.7
0.96143,9.2429,2.59976,397.9
0.89209,9.9896,4.36561,23206.3
0.11401,7.5437,1.57843,37.9
0.99194,7.7975,1.12318,13.3
0.37866,8.9324,4.17442,14942.3
0.09595,8.1408,2.40548,254.4
0.42139,7.7073,2.75993,575.3
0.79346,11.5008,4.3235,21062.2
0.53564,8.4994,1.70471,50.7
1.0,0.0,4.44012,27549.9
0.64795,5.2217,2.35177,224.8
0.0061,22.4438,1.80696,64.1
0.00073,0.0133,1.75686,57.1
0.52466,3.1581,2.79709,626.7
0.38843,8.8122,2.60902,406.5
0.93628,9.3817,4.1402,13810.3
1.0,0.0,1.08868,12.3
0.00659,13.4614,1.06374,11.6
0.729,3.942,1.46125,28.9
0.54785,9.5545,3.11571,1305.3
0.60034,10.8655,3.75751,5721.5
0.01318,16.2543,2.65606,453.0
0.52271,7.4499,3.14527,1397.2
0.89331,9.5736,3.25047,1780.2
0.48047,5.6244,0.97358,9.4
0.2019,11.6224,1.80279,63.5
0.97339,13.7844,4.54811,35327.5
0.177,8.142,2.11153,129.3
1.0,0.0,4.36132,22978.4
0.15161,8.9,2.70148,502.9
0.90991,5.7848,1.71614,52.0
0.0,0.0,0.91191,8.2
0.08301,8.8948,1.69785,49.9
0.99097,10.9769,2.07761,119.6
0.12891,11.3284,2.50796,322.1
0.87158,8.4397,2.5367,344.1
0.4895,7.8602,2.90631,806.0
0.02441,17.6565,2.63526,431.8
0.0,0.0,1.02315,10.5
0.94727,7.6047,1.87838,75.6
0.57861,14.5033,4.41755,26154.7
0.0,0.0,1.00324,10.1
0.63135,9.3601,3.58476,3843.8
0.02515,16.252,2.64338,439.9
1.0,0.0,3.48563,3059.3
0.76025,7.7152,2.11779,131.2
0.52759,7.9353,2.25528,180.0
0.83667,6.0752,2.791,618.0
0.49731,13.5106,4.22627,16837.0
0.99976,0.0021,2.10276,126.7
0.0,0.0,1.21677,16.5
1.0,0.0,1.04285,11.0
0.66846,10.1018,4.12365,13293.7
0.78223,7.8163,2.04923,112.0
0.00244,12.829,1.33974,21.9
0.41016,8.9627,3.08195,1207.7
0.46509,10.6851,3.98967,9765.0
0.21509,9.6302,3.09336,1239.8
0.09448,6.2487,1.45732,28.7
0.99268,4.34,2.38532,242.8
0.07983,9.7531,1.87663,75.3
0.74707,5.7236,0.96363,9.2
0.99707,18.8175,4.43094,26973.9
0.19531,8.9839,2.58071,380.8
0.04712,11.5361,1.39526,24.8
0.85742,12.3036,4.13584,13672.2
0.99268,19.3219,4.50198,31767.2
0.68994,10.1747,3.88413,7658.3
0.06787,9.562,1.82971,67.6
0.43311,3.9989,1.59918,39.7
0.19238,10.9116,2.82144,662.9
0.99902,7.6632,3.03473,1083.2
0.99951,0.0074,4.11208,12944.3
0.91431,17.5986,4.43663,27329.6
0.43311,10.3504,4.22893,16940.5
0.3313,5.6853,2.15278,142.2
0.29346,10.0864,3.04241,1102.6
0.48218,3.8848,1.35556,22.7
0.11157,9.8343,2.79866,629.0
0.97925,7.0453,1.16163,14.5
0.02905,9.3777,1.30968,20.4
0.00684,8.8801,1.34857,22.3
0.45776,9.5037,2.00429,101.0
0.1106,10.684,2.03442,108.2
0.39258,11.0334,3.47875,3011.3
0.0,0.0,1.18086,15.2
0.00635,11.6481,1.30912,20.4
0.81348,10.4829,3.30077,1998.8
0.50073,11.9153,3.36093,2295.8
0.34082,10.4167,3.49847,3151.1
0.86816,7.6694,3.53391,3419.1
0.05835,15.9644,3.32489,2113.0
0.42432,6.471,2.92183,835.3
0.7395,9.546,3.61144,4087.4
0.11475,3.9678,1.20093,15.9
0.58203,4.6082,1.67688,47.5
0.56567,9.3189,3.61178,4090.5
0.81201,7.1596,1.60652,40.4
0.99536,10.7293,2.84204,695.1
0.54932,4.4099,1.85403,71.5
0.125,11.6521,2.47863,301.0
0.60791,10.8736,3.95052,8923.2
0.34839,9.6435,3.31655,2072.8
0.27148,8.0525,2.52946,338.4
0.97485,11.575,1.90235,79.9
0.95825,10.0052,3.84399,6982.2
0.62842,7.1758,3.30333,2010.6
0.91357,8.3453,2.51032,323.8
0.63208,10.5169,4.07873,11987.4
0.08105,14.5348,3.4328,2708.9
0.99951,0.0119,4.48535,30573.6
0.99609,13.4475,3.33023,2139.1
0.76953,9.0519,4.19062,15510.3
0.49609,4.8816,2.91385,820.1
0.74268,10.9609,3.49688,3139.6
0.94434,10.2977,3.98067,9564.7
0.81079,6.1041,1.23355,17.1
0.11353,10.5548,2.63553,432.0
0.35425,11.145,3.11549,1304.6
0.00513,9.6291,1.11419,13.0
0.16113,11.648,3.78629,6113.5
0.99561,9.4784,3.51713,3289.5
0.50098,11.9344,4.32336,21055.2
0.82056,6.9943,2.26222,182.9
0.11768,11.1124,2.61702,414.0
0.54248,9.029,4.23443,17156.7
0.95728,7.0382,2.40635,254.9
0.51709,10.669,3.95115,8936.2
0.41431,5.7127,2.44259,277.1
0.03979,13.8977,2.13699,137.1
0.71411,7.2562,1.91596,82.4
0.68628,5.5951,1.68303,48.2
0.18457,8.9238,2.4792,301.4
0.86499,4.2781,1.49338,31.1
0.81787,8.7447,3.9279,8470.3
0.74585,13.9318,4.46289,29033.0
0.0,0.0,1.25906,18.2
0.23145,3.2789,1.10336,12.7
0.0,0.0,0.91674,8.3
1.0,0.0,4.30812,20329.0
0.96533,3.0381,1.17271,14.9
0.1875,12.1765,3.38793,2443.0
0.81104,5.9485,2.01307,103.1
0.01611,16.5327,1.62723,42.4
0.19629,6.8573,1.80301,63.5
0.38086,10.7465,3.42257,2645.9
0.00122,15.1423,0.96878,9.3
0.94775,13.43,4.06245,11546.5
0.19629,10.127,2.97739,949.3
0.0,0.0,1.76376,58.0
0.31982,8.3532,1.6642,46.2
0.83765,9.5355,3.29497,1972.3
0.30249,12.0018,3.20217,1592.8
0.14233,10.9574,2.06523,116.2
0.30444,2.5053,2.12333,132.8
0.15942,11.7605,2.59614,394.6
0.32397,13.3876,4.22924,16952.7
0.14282,11.3839,2.86964,740.7
0.99707,9.0257,3.97204,9376.6
0.19849,12.4545,3.24426,1754.9
0.15845,9.6687,2.95661,904.9
0.82593,7.4924,2.69192,492.0
0.54736,11.1593,3.38957,2452.3
0.51099,4.6348,2.69875,499.7
0.85693,8.8292,3.55523,3591.2
0.56836,7.4227,1.56821,37.0
0.85889,6.9696,2.08057,120.4
0.60815,11.2046,4.093,12387.9
0.06323,11.9095,2.34694,222.3
1.0,0.0,3.98301,9616.4
0.99976,0.0055,4.32964,21362.0
0.96826,10.5816,3.01636,1038.4
0.51978,3.8154,1.27522,18.8
0.6748,7.5196,3.66832,4659.3
0.93555,8.9412,3.33563,2165.9
0.0022,19.3264,1.9654,92.3
0.41504,11.0785,4.05573,11369.3
0.27734,10.1213,2.66657,464.1
0.83618,7.606,1.11133,12.9
0.01025,7.229,1.15142,14.2
0.9292,4.2147,1.73724,54.6
0.39429,7.0169,3.13094,1351.9
0.40723,11.5516,3.88111,7605.3
0.0,0.0,1.26491,18.4
0.33716,6.9916,0.98459,9.7
1.0,0.0,3.17723,1503.9
0.09375,10.3201,2.39895,250.6
0.01196,15.1331,2.51645,328.4
0.76367,11.9254,3.90129,7967.0
0.98267,10.5769,4.26045,18216.0
0.73438,13.5482,4.43662,27328.9
1.0,0.0,3.74952,5617.2
0.81128,6.1046,0.91502,8.2
0.02808,9.6671,1.45292,28.4
0.86621,8.3899,3.04853,1118.2
0.46191,12.4569,4.39295,24714.4
0.03516,9.8702,1.20063,15.9
0.96216,7.7677,2.78426,608.5
0.00659,12.8334,2.3515,224.6
0.01367,14.8556,2.38933,245.1
0.45068,8.039,1.88419,76.6
0.11865,7.8138,1.89222,78.0
0.10986,9.6181,1.77389,59.4
0.11426,5.981,1.27996,19.1
0.24121,7.8308,2.92723,845.7
0.7583,6.8139,2.53223,340.6
0.21973,13.4956,3.50759,3218.1
0.99829,10.2898,3.24091,1741.5
0.67236,12.345,4.38386,24202.7
0.72852,6.0444,2.14379,139.2
1.0,0.0,4.12702,13397.3
0.01831,14.71,2.30873,203.6
0.28809,10.5429,3.31672,2073.6
0.67871,12.5705,3.84385,6979.9
0.823,8.1611,2.35261,225.2
0.9978,5.6672,2.533,341.2
0.96753,7.4115,3.20919,1618.8
0.40649,4.462,1.3078,20.3
0.12061,11.6287,2.84573,701.0
0.18872,3.6548,1.24993,17.8
0.66284,6.902,1.72459,53.0
0.18066,12.1604,3.17925,1511.0
1.0,0.0,4.45461,28484.7
0.93848,16.2989,4.55397,35807.3
0.07983,13.1341,1.85543,71.7
0.02002,12.478,1.43762,27.4
0.80981,7.529,2.79761,627.5
0.96948,5.2512,2.51553,327.7
0.12451,9.1498,2.28924,194.6
0.90332,9.7061,3.71048,5134.2
0.63574,7.0416,3.49574,3131.4
0.49878,7.9131,2.95556,902.7
0.12817,12.1205,3.17341,1490.8
0.48364,8.6896,3.02873,1068.4
0.56055,9.2642,3.37586,2376.1
0.92749,12.1985,4.29257,19614.0
0.96509,13.4397,4.36147,22986.4
0.79028,16.1955,4.4814,30296.7
0.99731,12.0204,4.04383,11061.9
0.83984,7.0703,1.28573,19.3
0.24072,9.6383,2.55315,357.4
0.33032,12.5564,3.75837,5732.9
0.62988,9.5283,1.97835,95.1
0.77539,5.8933,3.11958,1317.0
0.15918,3.9087,1.1049,12.7
0.25171,8.8079,1.64701,44.4
1.0,0.0,2.36518,231.8
0.02832,11.0841,1.15952,14.4
0.1106,11.072,2.45325,284.0
0.00293,17.1667,1.74374,55.4
0.34204,10.3411,4.05134,11254.8
0.0,0.0,2.06778,116.9
0.0249,11.5717,2.29396,196.8
0.85425,10.5796,3.83307,6808.8
0.99243,8.4132,2.94768,886.5
0.33862,6.982,1.08607,12.2
0.06885,9.3342,1.69795,49.9
0.01538,17.3029,3.13473,1363.7
0.00244,16.7037,1.63141,42.8
0.0061,18.5221,1.81023,64.6
0.29419,9.3105,3.1788,1509.4
0.58398,7.5217,2.70991,512.8
0.0647,12.6738,1.88617,76.9
0.38989,6.9539,2.94597,883.0
0.11816,15.7764,3.21831,1653.1
0.6687,3.1893,1.04693,11.1
0.12891,10.9099,1.90351,80.1
0.99927,0.0052,2.02722,106.5
0.10107,12.6453,4.11324,12979.1
0.00806,11.8195,1.09059,12.3
0.00024,0.0038,2.17125,148.3
0.0293,12.3031,1.61382,41.1
0.67847,9.8537,3.44259,2770.7
0.87134,10.6658,3.8667,7357.0
0.00024,0.0035,1.11292,13.0
0.48804,9.3431,4.05692,11400.3
0.54712,11.463,3.44558,2789.9
0.07129,7.9595,1.69576,49.6
0.59961,11.5311,4.24882,17734.6
0.99585,14.4751,1.97364,94.1
0.92798,11.5496,3.78352,6074.6
0.00391,10.7835,1.17693,15.0
0.29028,7.8206,2.56913,370.8
0.54419,6.6384,2.75072,563.3
1.0,0.0,4.17851,15083.7
0.97852,12.4825,3.9591,9101.1
1.0,0.0,2.89915,792.8
0.00684,9.2277,1.09136,12.3
0.03784,13.4922,2.47389,297.8
0.03931,13.1659,2.27411,188.0
0.95996,15.6777,4.53984,34661.1
0.95728,11.7802,3.3899,2454.1
0.62427,6.8493,2.38285,241.5
0.14062,8.7091,2.23584,172.1
0.51782,11.5647,3.70722,5095.9
0.00171,10.8715,1.25299,17.9
0.97754,12.413,3.88783,7723.8
0.56958,7.7165,3.35403,2259.6
0.05103,13.9327,2.49333,311.4
0.24902,13.0201,3.49808,3148.3
0.33325,6.8736,2.35639,227.2
0.09399,7.7926,1.42613,26.7
0.81128,4.293,2.42626,266.8
0.24365,5.7727,1.09074,12.3
0.21631,4.5726,1.22134,16.6
0.15405,9.3827,2.50692,321.3
0.90479,10.6726,3.91726,8265.4
0.37451,7.7124,1.64715,44.4
0.4519,8.7614,2.73268,540.4
0.8208,16.0921,4.4794,30157.6
0.99658,15.4065,3.92595,8432.3
0.0752,13.0898,4.19801,15776.6
0.56421,6.8043,3.36889,2338.3
0.55762,8.2572,3.0551,1135.3
1.0,0.0,3.02869,1068.3
1.0,0.0,3.09953,1257.6
0.03467,13.2226,2.60174,399.7
0.52515,7.2312,2.22053,166.2
0.0144,13.1159,1.77507,59.6
0.39014,6.0005,1.14167,13.9
0.74194,7.3319,2.25161,178.5
0.54785,10.1159,3.7157,5196.4
0.60815,6.4911,2.92217,835.9
0.4668,5.1707,1.50217,31.8
0.56934,9.1389,3.87755,7543.0
0.07959,7.9371,1.05456,11.3
0.8645,13.5345,4.3047,20169.5
0.46313,12.3236,3.28427,1924.3
0.12158,9.6179,2.93468,860.4
0.65454,6.5308,2.41044,257.3
0.63354,12.8788,3.9171,8262.4
0.00146,9.8903,0.92787,8.5
0.00562,9.2295,0.96122,9.1
0.22388,10.2318,2.80391,636.7
0.5105,5.4106,1.98835,97.4
0.00513,14.9758,2.37004,234.4
0.11035,8.3683,2.8634,730.1
0.07544,5.2776,1.063,11.6
0.94824,14.1347,4.49442,31219.1
0.14136,14.0249,3.37866,2391.4
0.74121,6.7261,1.26437,18.4
0.98047,10.9456,3.60139,3993.8
0.64917,8.5747,2.84989,707.8
0.22803,11.6541,3.41265,2586.1
0.48047,10.4068,3.5981,3963.7
0.99023,17.7592,4.52476,33478.0
0.96851,9.9197,1.33563,21.7
0.98901,11.8632,4.54248,34872.4
0.10107,12.6127,2.64515,441.7
0.87036,6.6796,1.63718,43.4
0.0686,9.4119,2.26796,185.3
0.10938,11.3152,2.23402,171.4
0.92554,11.7949,4.174,14928.0
0.73315,8.068,2.81843,658.3
0.91626,5.077,1.14682,14.0
0.57202,10.7818,3.51468,3271.0
0.27002,8.8735,2.72157,526.7
0.89062,6.9084,3.87901,7568.5
0.0,0.0,1.07281,11.8
0.77515,9.35,4.06313,11564.7
0.96606,12.1204,4.1649,14618.5
0.00049,0.0076,0.93317,8.6
0.99072,7.2226,2.64538,442.0
0.84326,3.6639,1.34724,22.2
1.0,0.0,2.83717,687.3
0.0,0.0,1.22893,16.9
0.36206,6.7992,4.14365,13920.4
0.06299,11.2517,1.57397,37.5
0.62817,7.5154,3.34415,2208.8
0.67212,7.6392,3.29073,1953.1
0.30518,7.7883,2.07511,118.9
0.31641,5.752,1.68659,48.6
0.99927,0.0108,4.24666,17646.5
0.0,0.0,1.04848,11.2
0.00342,18.5528,1.83145,67.8
0.97583,9.3919,2.09665,124.9
0.06592,10.8079,3.03719,1089.4
0.86157,5.4762,2.25182,178.6
0.00024,0.0028,1.30992,20.4
0.19312,8.4979,2.98665,969.7
0.12012,12.1038,3.54833,3534.5
0.68652,7.0625,3.47781,3004.8
0.0708,10.4942,2.69166,491.7
0.13281,13.5161,2.0241,105.7
0.0,0.0,0.94059,8.7
0.38599,7.5727,2.84952,707.2
0.41309,9.236,3.19929,1582.3
0.30005,7.6815,2.5151,327.4
1.0,0.0,4.40731,25545.0
0.02539,15.2109,1.6419,43.8
0.33667,14.3326,3.87719,7536.9
0.30078,11.4378,3.52894,3380.2
0.98389,13.5589,4.18852,15435.4
0.79248,11.9495,4.28068,19084.5
0.81323,7.6902,1.76787,58.6
1.0,0.0,4.27065,18648.9
0.16211,8.0393,2.37617,237.8
0.64453,8.8944,3.38391,2420.5
0.99902,17.3779,4.38422,24222.7
0.5188,8.7649,3.07806,1196.9
0.29321,8.8025,3.03265,1078.1
0.56079,4.2653,1.16194,14.5
0.30884,9.765,3.08278,1210.0
0.95532,4.9094,1.78394,60.8
0.42944,6.4588,2.32147,209.6
0.30493,6.4362,2.28348,192.1
0.99805,17.5959,4.45895,28770.9
0.61353,7.3601,3.23309,1710.4
0.23145,12.9105,3.55154,3560.8
0.8584,8.4249,1.53424,34.2
0.00317,17.8716,2.01471,103.4
0.33423,8.299,4.10865,12842.6
0.00024,0.0029,1.34235,22.0
0.75488,11.3494,4.38503,24267.9
0.00464,14.5412,2.4645,291.4
0.01855,14.9378,2.32765,212.6
0.01904,15.0694,2.78319,607.0
0.10645,17.2745,2.5224,333.0
0.39575,9.4946,2.62204,418.8
0.05981,11.2864,2.452,283.1
0.2522,14.0698,3.46677,2929.4
0.94702,10.5813,1.91245,81.7
0.15649,6.978,1.51133,32.5
0.26733,7.9082,2.49055,309.4
0.66577,5.8285,1.22567,16.8
0.14014,9.6223,2.53745,344.7
0.13843,10.2952,2.70901,511.7
0.56128,12.4014,3.76844,5867.4
0.93896,8.5617,1.30145,20.0
0.00513,10.0747,2.35297,225.4
0.29639,12.3231,3.75463,5683.6
0.37671,7.3404,2.13881,137.7
0.46606,10.7756,3.95798,9077.8
0.96411,10.2274,3.52753,3369.2
0.59863,4.3523,1.05551,11.4
0.00317,9.5107,2.31059,204.5
0.72705,10.1434,3.70279,5044.2
0.75537,5.5477,2.82665,670.9
0.39844,11.6299,3.36126,2297.5
0.99023,18.295,4.51987,33103.1
0.47461,9.702,3.36994,2343.9
0.0061,14.6984,2.89792,790.5
0.69263,8.1155,3.99413,9865.8
0.23975,7.2903,2.47474,298.4
0.00854,10.9609,0.94114,8.7
1.0,0.0,1.8985,79.2
0.71851,5.1532,3.07575,1190.6
0.97803,16.1573,4.36724,23293.8
0.96191,10.7729,3.12108,1321.6
0.01001,16.065,1.93953,87.0
0.99561,19.2269,4.53149,34000.8
0.02417,13.2811,2.36495,231.7
0.0249,14.9587,1.73531,54.4
0.97559,10.4354,2.92302,837.6
0.96069,7.1424,2.16,144.5
0.02612,5.3727,1.31066,20.4
1.0,0.0,3.50703,3213.9
0.52344,9.4105,3.42914,2686.2
0.99487,15.6236,4.45469,28490.1
0.30518,5.7078,1.403,25.3
0.99048,13.6056,4.22949,16962.4
0.9707,10.5831,3.81537,6536.9
0.82373,7.7365,1.82768,67.2
0.18896,11.4439,2.65399,450.8
0.12134,12.9627,3.20514,1603.8
0.35986,9.0099,2.05366,113.2
0.03198,8.8906,1.296,19.8
0.14282,14.6229,3.96113,9143.8
0.99268,6.1967,1.50476,32.0
0.27637,10.1891,2.69579,496.4
0.07275,13.8722,2.5021,317.8
0.98999,11.1297,4.20204,15923.7
0.04297,13.6872,2.94498,881.0
0.12549,10.6225,2.45353,284.1
0.99268,20.3664,4.47157,29619.2
0.19458,8.2192,2.19101,155.2
0.43433,11.0283,3.55711,3606.7
0.00073,0.0141,1.75778,57.3
0.91919,11.5713,3.66937,4670.6
0.87451,11.2443,3.64757,4441.9
0.99756,10.3828,3.92852,8482.4
0.33105,10.1456,2.6739,472.0
0.03125,12.155,1.71466,51.8
0.00684,15.586,3.21186,1628.8
0.55078,9.57,4.22833,16917.4
0.54077,6.1422,2.03493,108.4
0.09863,5.913,0.97674,9.5
0.27124,8.5159,1.57892,37.9
0.98877,10.8148,4.31124,20475.5
0.0769,6.5598,0.92522,8.4
0.2063,6.4972,1.09985,12.6
0.51489,4.9766,1.26232,18.3
0.96899,11.0056,4.16117,14493.5
0.01416,14.574,2.30343,201.1
0.83301,9.4164,3.42969,2689.6
0.62256,8.9219,3.4818,3032.5
0.14941,8.9485,2.4886,308.0
0.37964,11.7295,3.57864,3790.0
0.16113,10.2621,2.58805,387.3
0.0,0.0,2.88256,763.1
0.0874,16.252,2.02395,105.7
0.02856,9.6112,0.91018,8.1
0.19775,7.785,3.07057,1176.4
0.23682,9.4104,1.8735,74.7
0.07935,13.6147,1.90832,81.0
0.79443,9.9009,4.11353,12987.5
0.28174,7.2666,2.22501,167.9
0.17822,7.2028,1.27701,18.9
0.67383,7.6483,3.20597,1606.8
0.16699,8.5882,2.87013,741.5
0.06128,4.8575,1.1134,13.0
0.00244,15.2289,2.17774,150.6
0.21753,12.0769,3.13596,1367.6
0.99976,0.002,1.92496,84.1
1.0,0.0,4.50572,32041.7
0.99976,0.004,3.82189,6635.7
0.46411,7.6182,2.74508,556.0
0.77173,11.2732,4.24771,17689.4
0.12939,5.2127,1.03001,10.7
0.99976,0.0022,1.72338,52.9
0.42871,12.8611,4.24517,17586.0
0.18823,11.329,2.76154,577.5
0.10718,7.3299,1.52489,33.5
0.15332,9.8026,2.98575,967.7
0.72046,13.1467,3.57078,3722.0
0.3457,10.5407,3.1075,1280.8
0.9873,2.6862,1.0707,11.8
0.03589,7.7383,1.03727,10.9
0.00195,13.9517,2.39027,245.6
0.0,0.0,0.96249,9.2
0.79736,3.3746,1.21025,16.2
0.99463,13.1348,3.25051,1780.4
0.7373,6.3479,2.50485,319.8
0.00684,12.5123,1.21551,16.4
0.86792,10.0341,4.10496,12734.0
0.17944,8.9183,2.24925,177.5
0.29492,10.1648,4.1295,13474.2
0.09644,15.0262,3.12877,1345.2
0.77441,9.8299,3.17162,1484.6
0.62671,4.2891,2.45216,283.2
0.64722,11.78,3.35803,2280.5
0.95825,8.2583,1.79277,62.1
0.00024,0.0048,1.84353,69.7
0.23682,12.2171,4.09932,12569.5
0.81812,8.755,1.64739,44.4
0.16064,9.7192,2.3134,205.8
0.44458,9.0797,3.62371,4204.5
0.33228,8.0651,2.10866,128.4
0.24829,7.0943,2.24009,173.8
0.51807,10.9633,4.22451,16769.0
0.81665,8.184,1.65737,45.4
0.99414,11.956,1.78417,60.8
0.75317,9.3166,4.14251,13883.8
0.0957,8.9771,1.90858,81.0
0.2666,8.1775,2.11086,129.1
0.99438,8.8115,4.12518,13340.8
0.2915,7.1738,2.07626,119.2
1.0,0.0,4.54526,35096.5
0.71997,9.2371,3.9034,8005.8
0.94238,12.5241,3.99616,9911.9
0.00293,18.075,1.72754,53.4
0.26416,7.811,1.69607,49.7
0.93579,8.2278,3.65241,4491.7
0.89868,12.1337,3.92331,8381.3
0.00073,0.0134,1.72339,52.9
0.66211,7.1867,1.65559,45.2
0.01489,21.4303,1.79286,62.1
0.45435,7.9073,1.40581,25.5
0.90698,4.2762,2.44182,276.6
0.02441,15.8159,2.74034,550.0
0.26587,11.5041,3.19792,1577.3
0.06519,8.4775,1.10531,12.7
0.83716,4.37,1.60522,40.3
0.03491,8.8766,1.33078,21.4
0.04395,19.4054,1.88949,77.5
0.80078,6.8663,1.5818,38.2
0.77637,12.8412,4.32349,21061.7
0.00122,16.9523,2.26699,184.9
0.75342,3.9998,1.41051,25.7
0.16431,12.5264,3.33774,2176.4
0.99976,0.0055,4.45732,28663.1
0.48608,10.0988,3.80525,6386.3
0.2146,11.2816,3.27114,1867.0
0.00977,13.2334,2.28459,192.6
0.45557,6.8529,2.37642,237.9
0.21484,10.2493,2.00685,101.6
0.92773,11.048,3.84839,7053.2
0.53662,9.0633,3.83786,6884.3
0.97388,10.7818,2.69095,490.9
0.72607,5.2649,4.05191,11269.8
0.51367,10.0653,3.28571,1930.7
0.99976,0.0022,3.40759,2556.2
0.06201,14.873,1.88499,76.7
0.0,0.0,1.78558,61.0
0.01465,17.4186,1.73503,54.3
0.91089,12.4921,4.23669,17245.9
0.99512,10.7225,3.82656,6707.6
0.23901,10.3855,4.18828,15426.9
0.63574,11.7715,3.90873,8104.6
0.03955,17.9722,3.84363,6976.3
0.3042,8.0706,2.4961,313.4
0.62622,11.558,3.70005,5012.5
0.00684,11.8388,1.51189,32.5
0.29614,10.8898,3.29878,1989.6
0.00439,9.2987,1.05931,11.5
1.0,0.0,4.43127,26994.2
0.88184,8.8343,4.11591,13058.9
0.10522,5.7437,1.50571,32.0
0.90283,11.4396,3.71135,5144.6
0.59668,9.6474,3.91205,8166.8
0.01953,9.8041,1.05655,11.4
0.08032,12.7011,2.97121,935.9
0.15381,10.0319,2.43781,274.0
0.66821,8.5991,3.16351,1457.2
0.41455,13.1842,4.14118,13841.3
0.94385,8.588,3.5442,3501.0
0.94043,9.6106,1.67448,47.3
0.0957,10.8686,2.92956,850.3
0.646,6.2008,2.95526,902.1
0.0,0.0,0.9447,8.8
0.20337,5.4736,1.38479,24.3
0.93335,7.8137,2.21635,164.6
0.62329,8.0771,1.55342,35.8
0.00391,14.1427,1.76986,58.9
0.66504,9.4204,3.37307,2360.9
0.86353,13.2878,4.41492,25996.9
0.1167,10.5088,2.57648,377.1
0.16699,14.63,3.26331,1833.6
0.06885,15.4775,3.68467,4838.1
0.30859,10.9491,3.36155,2299.1
0.79736,9.1161,3.3033,2010.5
0.11646,5.5759,0.90737,8.1
0.08569,12.4472,4.08108,12052.6
0.85156,6.8057,1.49222,31.1
0.51392,7.5407,1.56247,36.5
0.98657,6.3117,2.76553,582.8
0.10913,10.6487,3.04704,1114.4
0.552,10.6409,3.66336,4606.4
0.2876,7.971,1.9732,94.0
0.72656,16.1974,4.35602,22699.8
0.41846,7.4787,3.19817,1578.2
0.23267,13.4852,3.98692,9703.3
0.56836,6.1068,2.64573,442.3
0.34009,7.4098,1.163,14.6
0.99609,12.1056,0.94733,8.9
0.30029,13.4447,3.24208,1746.1
0.13379,12.6625,2.45986,288.3
0.67505,7.3976,2.51225,325.3
0.00488,17.7716,2.09399,124.2
0.0061,16.4918,1.55444,35.8
0.48364,7.9182,2.63354,430.1
0.2041,8.7083,1.83391,68.2
0.93457,9.2928,4.16451,14605.2
0.76636,4.8057,1.55606,36.0
0.81567,13.363,4.43822,27429.7
0.90063,11.7057,4.04589,11114.5
0.11646,7.3,2.30459,201.6
0.60815,10.5715,3.7265,5327.2
0.81274,9.884,3.02455,1058.2
0.40649,7.2282,2.60524,402.9
0.24683,12.315,3.86947,7404.1
0.97437,14.5881,3.93815,8672.6
0.9502,5.4843,1.63924,43.6
1.0,0.0,4.21294,16328.2
0.98096,7.558,1.0203,10.5
0.00391,9.6306,0.92327,8.4
0.12451,10.6526,2.67006,467.8
0.57251,10.6806,2.00393,100.9
0.02856,16.6527,2.44719,280.0
0.27026,7.7549,2.65302,449.8
0.02197,17.8824,2.614,411.1
0.93286,8.9041,4.21963,16581.7
0.4646,12.7789,4.25746,18091.1
0.31519,6.7396,2.16785,147.2
0.46289,6.0606,1.95379,89.9
0.35107,13.4332,3.29228,1960.1
0.77441,4.9938,1.62796,42.5
0.66357,5.4648,2.36613,232.3
0.25488,13.3895,3.52594,3356.9
0.98755,6.7022,0.92388,8.4
0.1333,12.9675,3.72273,5281.2
0.98804,14.342,3.58397,3836.8
0.85913,6.7959,2.31784,207.9
0.96582,7.7664,1.8085,64.3
0.52295,5.9201,2.87598,751.6
0.97632,13.5287,1.98313,96.2
0.06079,15.6399,3.90269,7992.6
0.26758,10.332,3.06071,1150.0
0.93848,7.6332,2.02364,105.6
0.8479,11.9563,3.85372,7140.4
0.50732,8.1774,3.12274,1326.6
0.53882,3.7388,1.38518,24.3
0.04517,9.1191,2.41554,260.3
1.0,0.0,2.69219,492.3
0.5708,10.0918,4.35443,22617.0
0.00366,16.5604,2.07455,118.7
0.08325,12.0124,2.54162,348.0
0.9978,15.2794,4.47153,29616.1
0.03003,11.3753,2.45992,288.4
0.87915,10.6505,3.92469,8408.0
0.07227,6.9847,1.25733,18.1
0.42358,6.5668,2.34178,219.7
0.64526,5.3309,1.57457,37.5
0.91382,8.2953,4.13248,13566.8
0.55542,7.2339,2.92192,835.4
0.98633,9.6082,1.70148,50.3
0.93457,5.0155,1.23983,17.4
0.04712,16.5232,2.44075,275.9
0.22778,7.2776,1.25528,18.0
0.48364,7.4394,2.67579,474.0
0.77124,9.4069,3.56551,3677.1
0.04126,16.3602,2.037,108.9
0.00049,0.0101,1.51494,32.7
1.0,0.0,2.22382,167.4
0.63818,4.5732,1.5101,32.4
0.65869,11.3172,3.98581,9678.6
0.96191,7.9658,1.25425,18.0
0.64209,9.0159,3.60991,4073.0
0.06177,8.958,2.12268,132.6
0.9126,10.076,3.564,3664.4
0.14185,11.9144,3.71957,5242.9
0.00024,0.0049,1.39648,24.9
0.6709,11.2173,3.66677,4642.7
0.99268,18.7958,4.35764,22784.7
0.95947,7.1233,2.97465,943.3
0.99731,12.0713,3.25917,1816.2
0.05737,11.42,2.08156,120.7
0.97192,6.5872,1.54051,34.7
0.94751,11.7342,3.62249,4192.7
0.89185,10.86,3.90043,7951.1
0.51855,6.9925,1.65617,45.3
0.79565,5.9875,1.31751,20.8
0.0271,10.3332,2.19004,154.9
0.61011,9.5187,3.19031,1549.9
0.75366,4.4045,2.23675,172.5
1.0,0.0,4.42483,26597.0
1.0,0.0,3.79452,6230.4
1.0,0.0,4.25013,17788.1
0.6499,9.252,3.09371,1240.8
0.29785,12.5261,3.66402,4613.4
0.93213,14.1953,4.37725,23836.8
0.38501,5.9423,1.03323,10.8
0.05542,12.371,3.00336,1007.8
0.99902,13.1743,1.58658,38.6
0.69531,9.5899,3.8078,6424.0
0.67358,5.7797,1.75296,56.6
0.65186,9.726,3.61236,4096.0
0.0105,16.838,2.11822,131.3
0.49219,11.2834,3.28324,1919.8
0.99902,9.2972,3.38348,2418.1
0.84131,7.5912,4.2232,16718.5
0.81812,8.2501,4.09008,12304.9
0.14307,11.7251,2.50248,318.0
0.41016,11.6914,3.42022,2631.6
0.1582,9.0561,1.56942,37.1
0.80127,7.0423,1.26137,18.3
0.89233,11.0975,3.51172,3248.7
1.0,0.0,4.21595,16441.9
0.99658,14.2182,3.63076,4273.3
0.16602,8.1542,2.79094,617.9
0.99927,0.0111,3.20309,1596.2
0.16846,13.6926,3.57022,3717.3
0.31128,7.516,2.98297,961.5
0.4209,5.3401,2.22945,169.6
0.42822,11.6977,4.0111,10258.9
1.0,0.0,2.25211,178.7
0.44678,10.1572,4.20443,16011.5
0.45361,11.9172,3.82348,6660.1
1.0,0.0,3.80016,6311.9
0.71533,8.7487,3.94889,8889.8
1.0,0.0,4.50813,32220.0
0.89502,11.2456,4.51927,33057.6
0.60376,9.1273,2.73482,543.0
0.21704,5.0176,2.28137,191.1
0.97314,12.2882,3.58154,3815.4
1.0,0.0,4.43912,27486.6
0.92041,10.8324,3.20492,1602.9
0.27783,6.5649,0.99699,9.9
0.21973,5.3189,1.04394,11.1
0.69897,5.5358,2.59878,397.0
0.99976,0.0032,3.78073,6035.8
0.44189,9.6628,4.14532,13973.8
0.38916,4.8212,2.27307,187.5
0.8623,6.4059,2.79242,620.0
0.40063,8.013,2.77731,598.8
0.00024,0.0038,1.24861,17.7
0.00464,11.1974,0.90634,8.1
0.2793,9.7184,2.8162,654.9
0.16943,10.392,2.74534,556.3
0.99658,14.542,4.05806,11430.3
0.23853,5.457,1.56682,36.9
0.90771,7.2697,4.0176,10413.6
0.00317,13.6115,1.89405,78.4
0.38306,9.067,2.8731,746.6
0.74658,10.6795,3.48597,3061.7
0.18311,6.8873,1.43381,27.2
0.84497,12.2408,4.36057,22938.7
0.96387,15.3487,4.40236,25255.6
0.91504,14.3225,4.44668,27969.0
0.0166,11.5837,0.91128,8.2
0.44385,10.0963,3.25368,1793.4
0.19019,12.6899,3.35467,2262.9
0.32446,10.6033,4.1176,13109.8
0.05371,9.8928,1.63913,43.6
0.65137,6.6153,1.35619,22.7
0.99292,12.2506,3.86012,7246.4
0.88867,7.0084,1.85914,72.3
0.0,0.0,1.14431,13.9
0.03369,8.6163,1.23889,17.3
0.52271,9.1632,3.26006,1820.0
0.12891,13.2465,2.86069,725.6
0.45142,12.7812,3.63532,4318.4
0.71802,9.3809,3.85167,7106.8
0.00513,8.5037,0.91298,8.2
0.99976,0.0027,4.31131,20479.1
0.59497,12.5265,4.11673,13083.7
0.99927,0.0101,4.31176,20500.5
0.61426,11.0229,3.7112,5142.8
0.6521,7.6497,2.30503,201.9
0.44751,7.5557,1.80968,64.5
0.93579,11.0426,4.23649,17238.2
0.02832,13.5563,2.43822,274.3
0.10864,11.6109,2.68552,484.7
0.34863,11.7421,3.45465,2848.7
0.98535,10.5351,3.41797,2618.0
0.32812,12.0539,3.43634,2731.1
0.92993,8.0146,3.18122,1517.8
0.80933,4.9888,2.76123,577.1
0.80688,10.0257,3.70519,5072.2
0.00391,16.692,2.349,223.4
0.53174,6.6258,1.86155,72.7
0.87549,10.6521,4.22412,16754.2
0.82593,7.9363,3.99365,9854.9
0.41479,8.476,3.52592,3356.7
0.97925,6.2733,1.51778,32.9
0.04956,7.1477,1.06988,11.7
0.99536,19.0004,4.27298,18749.3
0.99683,15.055,4.34776,22272.2
0.30103,7.7405,1.89825,79.1
0.9978,11.2047,3.20265,1594.6
0.66602,5.2244,0.97021,9.3
0.18701,8.486,2.34125,219.4
0.88086,10.4525,3.47491,2984.8
0.95459,6.0551,2.22204,166.7
0.25146,14.7774,3.85166,7106.6
0.9231,12.2705,4.23773,17287.5
0.86743,4.818,1.40434,25.4
0.99829,12.1331,3.41712,2612.9
0.11133,10.0855,2.27672,189.1
0.53906,5.7536,1.54015,34.7
0.88525,5.9519,2.17895,151.0
0.1167,9.3517,2.66326,460.5
0.35815,10.9676,4.17597,14995.9
0.17432,14.5776,3.69927,5003.4
0.08398,8.1632,0.92201,8.4
0.00195,11.5183,1.10929,12.9
1.0,0.0,4.53385,34186.5
0.43823,8.0707,2.93656,864.1
0.62744,9.0483,3.13223,1355.9
1.0,0.0,2.1918,155.5
0.72534,10.5152,3.94052,8720.2
0.11328,10.4418,2.93803,867.0
0.20752,11.1214,3.06797,1169.4
0.08765,10.9407,1.81462,65.3
0.99634,13.7308,3.74057,5502.6
0.16016,11.4581,1.68549,48.5
0.00269,11.9764,1.40452,25.4
0.94409,7.206,3.08544,1217.4
0.60205,9.6301,3.94375,8785.2
0.08325,14.1668,1.97376,94.1
0.92773,6.1066,2.00673,101.6
0.00586,13.5826,1.44878,28.1
0.99731,14.5344,3.10661,1278.2
0.72095,9.5743,3.71889,5234.7
0.02319,10.1443,1.36202,23.0
0.97632,6.7437,2.85818,721.4
0.17065,9.3477,2.87482,749.6
0.12817,7.8366,1.29309,19.6
0.16992,11.3584,2.84036,692.4
0.02563,12.7585,1.89632,78.8
0.18701,7.8048,1.63054,42.7
1.0,0.0,4.50353,31881.0
0.0,0.0,1.23313,17.1
0.29565,7.7323,2.1577,143.8
0.47705,8.4329,3.16313,1455.9
0.14062,10.6522,2.38201,241.0
0.00854,7.1593,0.96845,9.3
0.15015,9.5843,4.06768,11686.3
0.87842,7.5599,1.77701,59.8
0.00098,15.9813,2.40851,256.2
0.89844,12.3356,4.22218,16679.2
0.9502,11.1283,4.44505,27864.6
0.70508,10.4871,4.24496,17577.5
0.41577,8.1701,2.40461,253.9
0.90161,12.3509,3.62153,4183.4
0.97144,13.011,4.00262,10060.5
0.60938,5.4183,1.62364,42.0
1.0,0.0,4.44476,27845.5
0.00244,13.6459,1.27357,18.8
0.37744,9.6265,3.30587,2022.4
0.14136,12.3952,1.77633,59.7
0.54224,4.6395,1.68854,48.8
0.01147,10.6483,1.4045,25.4
0.78223,11.6095,4.34482,22121.7
0.04614,8.9261,1.3717,23.5
0.91577,8.948,4.23659,17242.1
0.90967,5.1479,1.50845,32.2
0.0,0.0,2.10588,127.6
0.00586,17.5519,1.67565,47.4
0.88013,12.5574,4.51223,32525.7
0.82422,3.3226,1.24254,17.5
0.66162,10.0414,4.04913,11197.8
0.38696,4.9728,2.00071,100.2
0.81226,13.1897,4.38201,24099.7
0.04126,16.2859,3.64423,4407.9
0.99731,9.2523,1.86695,73.6
0.09253,9.3155,2.76598,583.4
0.04614,12.4068,1.49169,31.0
0.41528,6.9053,2.39063,245.8
0.98218,6.6865,0.99918,10.0
0.77075,9.3774,3.39313,2472.5
0.99609,11.5287,3.07062,1176.6
0.02588,10.9997,1.89608,78.7
0.3562,2.502,0.95167,8.9
0.94043,12.9196,4.33355,21555.3
0.19214,6.2435,1.35938,22.9
0.01685,13.0097,2.10036,126.0
0.00171,12.3754,0.99586,9.9
0.5249,4.1675,2.30323,201.0
0.21216,9.2452,2.37053,234.7
0.72949,8.6898,2.8521,711.4
0.61328,4.6489,2.08549,121.8
0.02002,11.4552,1.8155,65.4
0.84644,8.3352,3.77373,5939.3
0.99536,15.3516,1.92206,83.6
0.18091,8.9661,2.11617,130.7
0.14478,10.6088,2.69712,497.9
0.18896,8.0347,1.90338,80.1
0.11694,9.2258,3.55743,3609.4
0.02881,6.9476,1.20993,16.2
0.92676,3.9285,2.08359,121.2
1.0,0.0,2.44063,275.8
0.28345,7.3874,1.84581,70.1
0.57422,10.1915,3.97134,9361.4
0.03979,13.1865,2.19669,157.3
0.79761,7.25,2.43982,275.3
0.80151,5.3538,2.61574,412.8
0.77417,12.088,3.93589,8627.6
0.01587,15.2611,1.70204,50.4
0.85303,8.8285,3.93086,8528.2
0.87402,10.66,4.3677,23318.6
0.01392,22.9387,1.87497,75.0
0.00146,14.5225,1.52155,33.2
0.79565,10.5187,3.78451,6088.5
0.21826,12.0949,2.04601,111.2
0.19458,10.4057,1.73391,54.2
0.37817,4.9356,1.18827,15.4
0.51147,9.1858,3.14539,1397.6
0.98291,17.5123,4.32593,21180.2
0.24146,10.0337,4.12254,13260.0
0.01562,17.1581,3.05407,1132.6
0.23193,9.3373,2.50542,320.2
0.80737,11.7571,4.47003,29514.0
0.13159,17.4758,3.3154,2067.3
0.99976,0.004,4.39625,24903.0
0.81177,10.5429,3.41732,2614.1
0.10181,13.1227,3.4486,2809.3
0.24609,12.4574,3.46422,2912.2
0.64844,7.0229,1.3622,23.0
0.0144,15.1646,1.82599,67.0
0.10156,4.4835,1.14345,13.9
0.83862,9.7332,4.30975,20405.5
0.95898,15.1512,4.53627,34377.3
0.96826,13.7305,3.11351,1298.7
0.02637,9.5775,1.47296,29.7
0.59448,5.2949,1.3574,22.8
0.9834,8.6811,2.53293,341.1
0.70728,5.7862,2.3308,214.2
0.14722,8.1615,1.61787,41.5
0.15112,3.73,1.22903,16.9
0.17017,16.4747,3.26814,1854.1
0.58472,10.1668,3.79753,6273.7
0.42773,5.2516,1.13356,13.6
0.01709,20.7326,2.03381,108.1
0.0,0.0,2.00061,100.1
0.09375,11.8325,2.8838,765.2
0.16992,11.3835,3.11155,1292.8
0.10913,15.2403,2.40267,252.7
1.0,0.0,4.06657,11656.4
0.91455,7.1053,2.33073,214.2
0.0,0.0,2.01134,102.6
0.17773,11.9609,3.7041,5059.4
0.57422,9.3447,3.97885,9524.6
0.69727,8.2489,4.10841,12835.5
0.89917,6.1222,1.52151,33.2
0.354,6.7817,1.62262,41.9
0.06128,13.3613,2.59308,391.8
0.99927,0.0166,4.43782,27404.4
0.99487,8.8876,3.16939,1477.0
0.05518,14.0215,3.18036,1514.8
0.28149,7.9332,2.0965,124.9
0.99976,0.007,4.52156,33232.5
0.00171,21.1046,1.57019,37.2
0.6123,8.6892,2.94629,883.7
0.56641,8.6415,3.36864,2336.9
0.95898,9.768,3.86215,7280.2
0.48999,10.4102,3.87486,7496.6
1.0,0.0,2.31513,206.6
0.73657,8.2056,1.89311,78.2
1.0,0.0,4.48237,30365.0
0.40942,8.6081,2.92308,837.7
0.20459,11.8681,1.93359,85.8
0.88525,3.9365,1.40828,25.6
0.43848,12.4238,3.8373,6875.5
0.99976,0.0049,4.00291,10067.3
0.14844,9.3429,2.98468,965.3
0.48608,6.6783,2.30589,202.3
0.32324,10.7359,3.31318,2056.7
1.0,0.0,4.48363,30452.8
0.61353,7.3987,3.01582,1037.1
0.29785,8.1504,3.77854,6005.4
0.97974,10.6937,4.12543,13348.5
0.48779,11.0467,3.66804,4656.3
0.03955,11.205,2.68057,479.3
0.00806,18.5829,1.55452,35.9
0.48657,8.0403,3.44772,2803.6
0.60522,12.0234,3.94072,8724.1
0.92529,17.028,4.42062,26340.2
0.12622,6.2124,1.45939,28.8
0.00024,0.0035,1.31837,20.8
0.12744,11.8551,3.2274,1688.1
0.90747,8.9581,3.92468,8407.8
0.0,0.0,1.18213,15.2
0.1499,11.4836,3.14628,1400.5
0.01831,16.3802,1.87623,75.2
0.97192,14.9988,4.55342,35761.5
0.01172,12.2582,2.22328,167.2
0.0,0.0,1.2025,15.9
0.36377,11.6158,3.76241,5786.4
0.98364,7.0313,2.00166,100.4
0.22217,10.7012,2.43419,271.8
0.80664,6.0463,1.37999,24.0
0.54858,8.0086,2.11185,129.4
0.00317,13.2898,1.39007,24.6
0.11694,14.06,1.84326,69.7
0.85083,5.9438,3.01728,1040.6
0.22705,7.8303,1.99527,98.9
0.31836,11.6695,3.34151,2195.4
0.99927,0.0113,4.19511,15671.5
0.13379,11.9336,3.00884,1020.6
0.01929,9.546,1.00786,10.2
0.43726,10.0753,4.40945,25671.4
0.0415,17.0824,1.62578,42.2
0.97705,4.7431,2.16766,147.1
1.0,0.0,2.82655,670.7
0.11108,14.2817,3.16374,1457.9
0.51758,7.1191,2.15278,142.2
0.00684,16.8915,2.51221,325.2
0.10327,10.2664,3.193,1559.6
0.39136,7.1874,2.57307,374.2
0.00928,20.2568,1.93829,86.8
0.00073,0.0082,2.40362,253.3
0.06519,12.8431,2.3087,203.6
0.18604,10.5719,1.96966,93.3
0.57593,9.4392,3.09755,1251.8
0.99805,4.4749,2.77448,595.0
0.4043,8.2569,2.40649,255.0
0.5625,9.7041,3.49478,3124.5
0.73535,7.8419,3.87153,7439.2
0.77588,8.3658,3.27346,1877.0
0.64404,8.6125,2.14951,141.1
0.99731,12.4655,4.32488,21128.8
0.11084,8.2319,1.28381,19.2
0.4502,11.1109,3.8459,7012.9
0.01807,14.6588,2.4421,276.8
0.85596,2.7124,2.35244,225.1
0.59253,11.328,3.98344,9625.9
0.99658,16.2475,3.29703,1981.7
1.0,0.0,4.46086,28897.3
0.1106,15.3706,4.11069,12903.0
0.19727,5.6157,1.32785,21.3
0.0708,12.0839,2.74122,551.1
0.79541,9.1399,3.70733,5097.2
0.01147,12.0221,1.20469,16.0
0.52563,9.981,2.88488,767.1
0.81567,11.4428,4.52999,33883.6
0.92798,6.964,1.77622,59.7
0.0,0.0,1.32976,21.4
0.02295,16.8927,1.96041,91.3
0.07812,13.0116,2.16103,144.9
0.72852,4.986,1.94709,88.5
0.31616,10.85,2.4816,303.1
0.52124,8.9867,3.94771,8865.6
0.19214,11.7363,2.7932,621.2
0.0166,14.739,3.05577,1137.0
0.00879,7.7102,1.30142,20.0
1.0,0.0,1.13984,13.8
0.97266,8.3505,4.37728,23838.7
0.30029,7.1396,2.1711,148.3
0.99194,11.1254,4.36389,23115.0
0.05127,10.8678,2.12921,134.7
0.98975,7.9143,3.2396,1736.2
0.30371,13.2848,3.31979,2088.3
1.0,0.0,1.23185,17.1
0.11157,4.3577,1.16224,14.5
0.021,16.8203,2.5168,328.7
0.86523,4.8791,1.36808,23.3
0.0,0.0,1.98382,96.3
0.28662,7.2024,1.61859,41.6
0.39209,7.344,2.04633,111.3
0.07446,10.9082,2.56872,370.4
0.2981,8.7008,2.04045,109.8
1.0,0.0,2.12853,134.4
0.16284,13.7173,2.67844,476.9
0.8938,6.1904,3.39724,2496.0
0.0,0.0,1.05653,11.4
0.66943,13.4253,4.5472,35253.6
0.18604,8.3727,2.47691,299.9
0.58691,9.2397,4.27511,18841.3
0.0166,8.2664,0.92955,8.5
0.69922,5.5989,1.1131,13.0
0.13013,7.817,1.26528,18.4
0.68066,11.3733,4.23752,17279.2
0.15576,9.9346,2.40829,256.0
0.4353,10.0369,3.99512,9888.2
0.13721,16.2951,3.44072,2758.8
0.99683,3.9375,1.22389,16.7
0.82349,6.5555,2.22446,167.7
0.99854,13.3427,2.114,130.0
0.89087,8.8523,2.55824,361.6
0.73999,9.5458,3.65693,4538.7
0.0,0.0,1.20856,16.2
0.99561,16.9256,4.28728,19376.5
0.21387,12.1111,2.6442,440.8
0.44775,5.9707,2.23938,173.5
0.28149,11.7304,3.45193,2830.9
0.09717,10.9939,1.9132,81.9
0.29614,10.4661,3.5059,3205.5
0.65918,6.7698,2.4226,264.6
0.07471,12.1466,2.6499,446.6
0.53979,5.5393,1.59394,39.3
0.00049,0.0157,1.64537,44.2
0.90161,12.7524,4.04995,11218.8
0.84595,5.2918,3.00852,1019.8
0.3623,7.2958,2.44576,279.1
0.42603,12.7118,3.73421,5422.6
1.0,0.0,4.2352,17187.1
0.02026,6.5927,1.48343,30.4
1.0,0.0,4.549,35399.3
0.04272,8.5258,0.95476,9.0
0.9939,10.2301,3.14603,1399.7
0.28027,8.7409,1.86624,73.5
0.0813,15.8351,1.82419,66.7
0.21313,9.7328,2.71017,513.1
0.94238,8.5554,3.11045,1289.6
0.36206,8.277,2.49902,315.5
0.87671,9.8418,3.5114,3246.4
1.0,0.0,4.3747,23697.4
0.0105,10.8023,1.52002,33.1
0.29053,6.9571,1.77104,59.0
0.17212,13.1653,3.12996,1348.8
0.20679,9.0977,2.40186,252.3
0.03125,13.5013,2.05526,113.6
0.26685,9.2177,2.74613,557.3
0.06421,14.9263,3.44878,2810.5
0.76294,9.87,4.22265,16697.5
0.98071,18.4135,4.34029,21892.0
0.95044,9.3538,3.89702,7889.0
0.75464,4.643,2.16933,147.7
0.26709,9.7694,4.13206,13553.7
0.94116,9.3775,3.49666,3138.0
0.05322,12.7394,1.54055,34.7
0.99976,0.0047,4.38547,24292.5
0.00586,22.8445,1.80668,64.1
0.43188,9.5859,3.3951,2483.7
0.16162,14.213,3.44035,2756.5
0.9397,14.1732,4.22044,16612.6
0.62451,8.8582,3.33781,2176.8
1.0,0.0,4.49469,31238.6
0.06152,6.1311,1.1213,13.2
0.01465,8.25,1.03994,11.0
0.99829,11.2746,1.61773,41.5
0.1167,12.249,3.00465,1010.8
0.13257,8.6679,2.45174,283.0
0.99976,0.0012,1.20452,16.0
0.00317,15.8282,1.64107,43.8
0.49072,7.6486,3.0192,1045.2
0.24048,8.1118,2.37341,236.3
0.93896,7.376,3.69209,4921.4
0.57202,6.0639,2.60901,406.5
0.72998,7.6097,4.10965,12872.1
0.25464,10.9212,3.67498,4731.3
0.9917,8.4414,2.70939,512.1
0.19995,7.3649,2.21089,162.5
0.01636,19.4699,1.6843,48.3
0.0,0.0,1.97011,93.3
0.00781,17.6694,2.20026,158.6
0.01587,16.1491,2.22276,167.0
0.07129,6.3993,1.55707,36.1
0.17749,9.7996,2.63183,428.4
0.32153,2.6741,1.31164,20.5
0.37012,12.1128,4.07619,11917.7
0.28735,8.9707,2.91362,819.6
0.1499,7.2628,1.25049,17.8
0.00854,9.9517,2.10069,126.1
0.0,0.0,1.83552,68.5
0.27344,7.1894,1.47356,29.8
0.90088,6.4763,2.65897,456.0
0.0,0.0,1.57262,37.4
1.0,0.0,1.45718,28.7
1.0,0.0,3.4687,2942.4
0.09863,10.5765,2.47243,296.8
0.86182,8.11,3.35825,2281.7
0.21484,5.7226,2.62,416.9
0.0481,15.9564,2.74424,554.9
0.06665,12.6088,2.03812,109.2
0.09351,15.028,2.46053,288.8
0.35156,8.8873,2.65991,457.0
0.97974,6.892,2.15396,142.5
0.31006,10.2306,3.92142,8344.9
0.00903,16.4946,1.80279,63.5
1.0,0.0,1.70877,51.1
0.01733,16.9615,2.16071,144.8
0.53491,10.6962,3.77153,5909.2
0.4707,8.274,3.99943,9987.0
0.94922,9.6116,2.96723,927.3
0.35156,7.4243,2.22075,166.2
0.57446,10.24,3.27333,1876.4
0.79272,12.0445,3.92237,8363.1
0.0,0.0,1.79041,61.7
0.7041,12.5444,3.34178,2196.7
0.77759,9.5573,3.49641,3136.2
0.43872,6.9331,2.32875,213.2
0.98267,8.9683,1.43212,27.0
0.18579,12.2086,3.12221,1325.0
0.0332,8.1157,1.67088,46.9
0.00024,0.0035,2.24752,176.8
0.1687,9.6472,2.8924,780.5
1.0,0.0,4.42004,26305.0
0.03687,11.564,1.43837,27.4
0.00098,11.8756,1.17231,14.9
0.89038,6.6834,2.87167,744.2
0.86157,13.032,4.34838,22304.0
0.0,0.0,1.07187,11.8
0.26392,13.9295,3.24888,1773.7
0.0,0.0,1.00276,10.1
0.23169,11.0831,2.91619,824.5
0.15723,5.1708,1.33842,21.8
0.46411,12.4828,3.311,2046.4
0.89331,5.2339,2.22185,166.7
0.58276,7.3984,3.29437,1969.6
0.82886,4.9746,1.84653,70.2
0.00317,12.0575,1.17677,15.0
0.23486,7.5406,1.56755,36.9
0.052,14.8005,1.90376,80.1
0.05786,10.6444,1.50502,32.0
0.0127,18.2264,1.62801,42.5
0.19458,9.018,2.8911,778.2
0.39502,7.4322,2.50189,317.6
0.15918,14.1726,3.91809,8281.1
0.38721,7.6297,2.72104,526.1
0.26025,10.2942,2.87403,748.2
0.34912,8.8768,3.49734,3142.9
0.54004,10.261,4.02079,10490.4
0.84009,8.5337,3.03913,1094.3
0.0,0.0,1.03761,10.9
0.06177,13.338,2.58069,380.8
0.00269,9.9851,1.02098,10.5
0.8042,7.7617,3.11284,1296.7
0.56128,5.9708,1.14072,13.8
0.98706,8.5011,2.8744,748.9
0.99976,0.0026,1.45078,28.2
0.38501,9.5637,4.0285,10678.3
0.02637,6.9667,1.24758,17.7
0.32422,11.1642,3.31209,2051.6
0.37134,7.7107,3.47425,2980.2
0.03149,20.6879,1.90841,81.0
0.81079,8.8507,3.06862,1171.2
0.0542,16.6826,2.10835,128.3
0.12524,10.6307,1.84909,70.6
0.41943,9.5844,1.85166,71.1
0.44141,4.8793,0.96098,9.1
0.7251,9.5884,3.36147,2298.6
0.00073,0.0094,1.16552,14.6
0.0188,11.4287,1.62281,42.0
0.00171,14.2025,1.22073,16.6
1.0,0.0,3.84129,6939.0
0.99756,7.6642,2.8374,687.7
0.72998,5.484,2.61044,407.8
0.448,8.121,3.03409,1081.7
0.52417,13.2217,3.85588,7175.9
0.12402,11.1634,3.18301,1524.1
0.98291,9.7505,2.7782,600.1
0.00024,0.005,2.04715,111.5
0.69019,8.4171,2.79088,617.8
0.98828,17.028,4.50968,32335.5
0.28979,7.8227,2.98497,966.0
0.1272,11.6081,2.64638,443.0
1.0,0.0,4.14821,14067.2
0.0,0.0,1.10232,12.7
0.90991,5.2478,1.13424,13.6
1.0,0.0,3.78686,6121.5
0.85034,9.7021,4.34495,22128.6
0.0,0.0,1.089,12.3
0.05688,6.0859,0.99096,9.8
0.88525,4.5058,0.93873,8.7
0.99976,0.0042,3.01088,1025.4
0.0,0.0,1.40641,25.5
1.0,0.0,2.95379,899.1
0.21313,11.5347,3.32807,2128.5
1.0,0.0,0.95989,9.1
0.97314,10.366,4.08181,12072.8
0.05322,12.618,1.82579,67.0
0.97217,6.3423,2.9269,845.1
0.02393,13.1624,2.19522,156.8
0.22534,8.8354,2.15712,143.6
0.18164,11.8009,2.37663,238.0
0.0,0.0,0.91665,8.3
0.01221,19.9365,2.46953,294.8
0.85547,7.4369,1.87125,74.3
0.77246,5.0427,2.20878,161.7
0.02783,11.2171,1.4982,31.5
0.49023,4.966,2.12644,133.8
0.37158,9.1834,3.45827,2872.6
1.0,0.0,4.49705,31408.5
0.10303,15.886,1.62324,42.0
0.45801,8.4221,4.06928,11729.5
0.20068,9.7112,3.14893,1409.0
0.03442,5.261,1.27208,18.7
0.04248,8.9145,0.95677,9.1
0.96582,10.2225,4.13262,13571.2
0.00317,12.9118,1.75816,57.3
0.2876,5.1772,1.29122,19.6
0.99951,0.0085,3.298,1986.1
1.0,0.0,3.48446,3051.2
0.12939,11.8714,4.17296,14892.2
0.18408,12.0312,2.73086,538.1
0.01343,14.1365,2.04276,110.3
0.00146,13.2159,2.06574,116.3
0.03442,16.7267,1.65112,44.8
0.38721,9.0808,3.22374,1673.9
0.99927,0.0114,4.34541,22151.9
0.00024,0.0026,1.21246,16.3
0.1228,8.0246,2.31556,206.8
0.13867,7.1899,2.18837,154.3
0.78638,5.9096,1.19608,15.7
0.99121,8.3417,3.0761,1191.5
0.99634,21.1372,4.49423,31205.1
0.38403,6.1732,1.91386,82.0
0.87207,10.268,3.55938,3625.6
0.68408,8.2272,4.1931,15599.0
0.01807,23.8766,1.89183,78.0
0.9165,15.31,4.26034,18211.2
0.69482,8.3467,3.63705,4335.6
0.58228,9.0965,3.26177,1827.1
0.08057,9.2616,1.61232,41.0
0.54932,6.6508,1.91649,82.5
0.08716,7.8309,1.27409,18.8
1.0,0.0,4.17536,14974.6
0.04834,22.0265,3.85837,7217.2
0.03931,6.9314,1.21942,16.6
0.02734,16.1729,2.843,696.6
0.02466,18.5877,1.68159,48.0
0.74829,10.446,3.70008,5012.7
0.78271,5.6541,2.99689,992.9
0.99634,20.7089,4.35678,22739.4
1.0,0.0,3.55948,3626.4
0.20825,6.837,1.27092,18.7
0.08716,8.375,2.26494,184.1
0.99561,7.4774,3.00834,1019.4
1.0,0.0,4.23423,17148.6
1.0,0.0,2.25824,181.2
0.99683,7.523,1.5895,38.9
0.0791,11.9564,1.93809,86.7
0.09814,13.1236,1.80969,64.5
0.31348,3.6197,1.46748,29.3
0.52832,6.1809,2.15944,144.4
0.44946,6.9211,1.81275,65.0
0.36841,6.1871,2.76793,586.0
0.26904,11.8458,4.17,14791.0
0.68652,12.2101,4.38944,24515.5
0.16919,3.8799,1.48548,30.6
0.25317,8.1202,2.98334,962.4
0.98633,10.5307,3.36481,2316.4
1.0,0.0,1.46026,28.9
0.10596,10.513,2.84587,701.2
0.00391,18.4542,1.63393,43.0
0.73853,3.9145,2.23312,171.0
0.75488,5.5455,2.08651,122.0
0.98779,10.7413,3.88028,7590.6
0.21973,9.5386,1.75835,57.3
0.99243,5.7867,2.87619,751.9
0.91992,10.052,3.04238,1102.5
0.04517,15.4633,2.10818,128.3
0.99976,0.0064,4.2985,19884.0
0.00317,19.0781,2.11645,130.8
0.44507,6.3525,2.09473,124.4
0.19336,13.1691,3.43333,2712.3
0.46191,6.8233,2.68494,484.1
0.3064,11.9261,3.55093,3555.7
0.04639,10.7738,1.46158,28.9
0.24463,5.7182,1.44408,27.8
0.7915,10.9797,3.59204,3908.8
0.02979,12.4192,2.32252,210.1
0.78857,11.2273,4.03438,10823.8
0.17139,10.2756,1.7561,57.0
0.24683,7.6371,1.78073,60.4
0.4314,10.8633,4.05673,11395.5
0.02148,12.6044,2.22447,167.7
0.00586,11.9052,1.30423,20.1
0.99878,11.5264,1.70789,51.0
0.32983,13.152,3.71446,5181.5
0.13721,11.2615,1.87284,74.6
0.00952,16.1895,2.93348,858.0
0.51807,9.1618,3.95211,8955.9
0.79736,8.7004,3.13309,1358.6
0.16406,14.7127,3.65283,4496.0
0.37524,13.3056,4.47206,29652.2
0.02466,18.3339,1.99617,99.1
0.98975,10.0674,4.10408,12708.0
0.3313,8.0523,2.91624,824.6
0.01294,16.2168,1.6389,43.5
0.00317,11.4058,1.38529,24.3
0.10181,15.8372,2.10096,126.2
0.0,0.0,1.40599,25.5
0.30371,9.5071,3.72237,5276.8
0.91577,9.8787,2.93953,870.0
0.91943,5.8208,1.06469,11.6
0.99951,0.0081,4.1117,12933.0
0.3833,9.0614,3.08042,1203.4
0.99976,0.0022,2.521,331.9
0.00415,13.7115,1.41797,26.2
0.03296,15.2735,2.61955,416.4
0.96167,10.0196,4.25428,17958.9
0.82788,8.7318,3.03811,1091.7
0.2439,8.9494,2.5807,380.8
0.69653,9.6487,3.12459,1332.3
0.6311,8.3971,2.9144,821.1
0.60815,10.3976,3.18135,1518.3
0.93091,8.6011,1.62998,42.7
0.91309,8.5017,1.44622,27.9
0.00049,0.0081,0.94883,8.9
0.99878,18.9025,3.94198,8749.4
0.75342,2.4058,0.91492,8.2
0.10669,13.2427,1.83881,69.0
0.82471,8.0304,3.04146,1100.2
0.87427,6.9557,2.72897,535.8
0.92188,9.0702,4.19637,15716.9
0.82666,4.2619,1.68197,48.1
0.41724,6.6574,1.31953,20.9
0.23486,6.853,1.48912,30.8
0.76172,8.0268,2.7218,527.0
0.15674,10.743,1.96703,92.7
0.00708,14.98,2.56675,368.8
0.89893,9.3964,3.41602,2606.3
0.00977,18.6631,2.07716,119.4
0.37378,9.5704,3.33299,2152.7
0.01147,4.67,0.97486,9.4
0.99414,9.9054,2.89838,791.4
0.8606,9.9055,4.21774,16509.8
0.99658,15.8139,4.31577,20690.4
0.21021,11.9113,2.99196,981.7
0.92285,14.8535,4.49452,31226.0
0.40308,6.2242,1.76304,57.9
0.36646,9.7091,1.99034,97.8
0.08496,9.3152,2.54007,346.8
0.90356,6.5528,2.76223,578.4
0.44263,10.6519,3.89679,7884.8
1.0,0.0,2.5375,344.7
0.03687,9.7784,1.07863,12.0
0.30225,12.2819,3.45988,2883.3
0.04639,12.387,1.71654,52.1
0.97974,11.6265,4.12638,13377.7
0.56641,7.497,1.67754,47.6
0.56641,6.5518,1.98349,96.3
0.00146,13.455,1.40442,25.4
0.00024,0.0057,2.00844,102.0
0.73975,5.7055,3.09851,1254.6
0.16992,11.4078,1.87963,75.8
0.0,0.0,1.08012,12.0
0.62817,8.0806,3.04507,1109.4
0.67578,7.5578,3.58794,3872.1
0.38062,4.0222,1.301,20.0
0.19702,9.8315,2.45294,283.8
0.0,0.0,1.15248,14.2
1.0,0.0,0.96494,9.2
0.95825,11.3261,2.27136,186.8
0.46729,8.279,1.94983,89.1
0.95312,9.0469,4.10066,12608.5
0.0,0.0,0.95244,9.0
0.72437,8.5608,3.26463,1839.2
0.68042,11.5815,3.58324,3830.3
0.65308,6.1633,2.4265,267.0
0.92188,7.6859,2.73244,540.1
0.00024,0.0055,1.80586,64.0
0.18555,8.3331,1.82511,66.9
0.0,0.0,1.0967,12.5
0.91553,12.2066,4.21187,16288.1
0.97241,3.6844,1.00784,10.2
0.51196,5.7016,1.40398,25.4
0.83472,8.2001,3.54899,3539.9
0.09399,13.598,2.57476,375.6
0.99829,8.527,2.7735,593.6
0.8186,8.3129,1.97877,95.2
0.00122,17.0425,1.49179,31.0
0.68213,8.8499,3.82243,6644.0
0.15503,5.8333,1.35529,22.7
0.33008,7.4134,1.98379,96.3
0.92773,9.8994,3.6498,4464.8
0.40454,7.2492,1.99211,98.2
0.40283,14.6647,4.37857,23909.4
0.16382,9.1538,1.54337,34.9
0.52588,7.4932,2.83055,676.9
0.94312,10.0482,2.86864,739.0
0.19824,9.6505,2.73149,538.9
0.65381,10.3522,3.73211,5396.5
0.01514,9.0415,1.07147,11.8
0.76904,8.6289,2.89738,789.6
0.21606,12.0925,3.78824,6141.1
0.26172,7.2652,1.0883,12.3
0.57422,5.6768,2.89886,792.2
0.17896,11.3113,2.51291,325.8
0.00903,12.1102,2.38121,240.5
0.08472,12.5507,2.86749,737.0
0.54712,7.4832,3.18529,1532.1
0.7959,7.8676,3.47347,2974.9
0.95044,13.0745,4.18458,15296.0
1.0,0.0,3.30171,2003.1
1.0,0.0,4.55247,35683.5
0.94946,10.7909,3.33197,2147.7
0.42676,6.3143,1.8863,77.0
0.80396,6.2999,1.44085,27.6
0.52002,2.9915,1.16209,14.5
0.09302,16.9952,1.88299,76.4
0.00024,0.0042,1.33829,21.8
0.96533,9.01,3.39977,2510.6
0.46777,10.0395,3.422,2642.4
0.13013,13.5881,3.13908,1377.5
0.66577,6.6735,2.30158,200.3
0.04883,11.9006,2.59782,396.1
0.14355,12.8462,1.85088,70.9
1.0,0.0,4.25907,18157.9
0.04443,6.5019,0.96105,9.1
0.24463,7.7957,2.07428,118.7
0.61206,4.9864,2.99566,990.0
0.0,0.0,1.56305,36.6
0.65283,6.628,4.0239,10565.7
0.01147,18.3945,2.65822,455.2
0.37891,5.5146,2.25685,180.7
0.00098,14.3579,1.13258,13.6
0.08301,12.5298,1.93031,85.2
0.52808,7.9215,3.05719,1140.7
0.28516,9.3847,1.93044,85.2
0.0,0.0,1.06802,11.7
0.19751,10.5847,3.02034,1047.9
0.2793,9.605,2.01336,103.1
0.28955,12.1419,3.99514,9888.6
0.25562,12.6885,3.43035,2693.7
0.22632,12.2226,3.53879,3457.8
0.94727,11.1721,4.1551,14292.4
0.90674,13.1479,3.86222,7281.4
0.5061,7.7638,2.10593,127.6
0.07251,12.0934,2.98179,958.9
0.97388,4.2231,1.84882,70.6
0.06421,13.3926,1.63934,43.6
0.04004,16.3581,1.65513,45.2
0.00049,0.0059,1.30869,20.4
0.14233,10.8851,1.7764,59.8
0.25244,7.8377,1.72396,53.0
0.8623,10.0659,3.36014,2291.6
0.27588,5.8253,1.8218,66.3
0.9314,5.9353,1.07355,11.8
0.55444,7.3112,2.4433,277.5
0.0415,18.2886,1.63719,43.4
0.39648,8.88,3.42143,2638.9
0.18896,8.1112,1.71305,51.6
0.04736,12.528,2.93782,866.6
0.13306,4.433,1.54616,35.2
0.53638,5.5952,2.66441,461.8
0.39331,7.6717,4.07122,11782.2
0.36963,7.6928,2.01106,102.6
0.85352,8.0002,2.82905,674.6
0.24292,8.8214,2.50546,320.2
0.34277,5.2927,1.15887,14.4
0.92676,4.4185,0.97861,9.5
0.76807,10.24,3.98082,9568.0
0.28198,6.8267,2.14647,140.1
0.8269,8.3171,3.40944,2567.1
0.48853,5.8744,2.41075,257.5
0.28516,11.4852,3.96562,9238.8
0.23022,9.4272,1.61554,41.3
0.9231,5.3898,2.67062,468.4
0.28882,10.3174,2.90647,806.3
0.51416,10.2177,3.80218,6341.3
0.69019,5.1419,1.01066,10.2
0.99683,13.3088,2.22717,168.7
0.98779,11.563,2.63901,435.5
0.13623,12.5254,3.05421,1133.0
0.83911,7.0393,1.41989,26.3
0.16846,8.0084,2.88896,774.4
0.33862,9.6581,3.43642,2731.6
0.34399,8.6457,3.58105,3811.1
0.26782,6.0278,1.72267,52.8
0.12598,11.1791,2.51342,326.1
0.90918,5.8724,1.99162,98.1
0.56592,6.1544,2.31923,208.6
0.49316,6.8792,2.22927,169.5
1.0,0.0,4.35581,22688.9
0.97363,6.4755,0.95201,9.0
0.99023,14.4625,4.36533,23191.7
0.0022,9.0396,1.02401,10.6
0.146,6.0666,1.18774,15.4
0.68384,2.9938,1.65574,45.3
0.08423,9.2381,1.95096,89.3
0.69873,8.1741,4.03658,10878.8
0.99976,0.0039,3.97607,9463.8
0.72046,14.1224,4.31699,20748.5
0.06641,10.3114,2.32682,212.2
0.41699,2.5812,0.96094,9.1
0.16968,13.5174,3.18935,1546.5
0.99023,12.882,4.18797,15416.1
0.0,0.0,1.29559,19.8
0.49512,9.7219,3.92719,8456.6
0.15479,5.7215,0.90961,8.1
0.99365,13.0735,3.57839,3787.9
0.4021,8.6155,2.70517,507.2
0.24756,10.6282,4.22117,16640.5
0.1311,11.0473,4.09959,12577.5
0.04858,8.2973,1.07296,11.8
0.56104,7.351,2.72294,528.4
0.20654,10.7374,1.78741,61.3
0.25146,10.3095,2.50828,322.3
0.05005,8.0602,1.1453,14.0
0.93237,10.4802,2.22028,166.1
0.24805,7.722,2.39555,248.6
0.0,0.0,0.91731,8.3
0.00049,0.0078,2.63661,433.1
0.94531,8.1495,4.17135,14837.1
0.271,5.8318,1.12508,13.3
0.68848,13.4198,4.35451,22621.0
1.0,0.0,2.69067,490.5
0.0,0.0,1.67243,47.0
0.91577,14.2881,4.44343,27760.4
0.25635,9.6344,2.63295,429.5
0.21655,8.9158,2.49923,315.7
0.26099,6.4714,2.27842,189.9
0.99927,0.0145,4.1228,13267.8
0.0,0.0,1.37774,23.9
0.00439,19.0837,1.67196,47.0
0.67407,4.8153,1.93775,86.6
0.00513,10.046,1.13115,13.5
0.72949,8.8899,3.98667,9697.8
0.6853,5.84,2.68812,487.7
0.11841,14.4958,3.10083,1261.3
0.96704,14.4086,4.13793,13738.2
0.33521,11.1584,2.71052,513.5
0.07202,17.0533,1.91246,81.7
0.00757,14.0257,2.84379,697.9
0.99854,10.1559,2.73057,537.7
0.10596,15.6329,1.99476,98.8
0.09546,13.3222,1.74979,56.2
0.03174,10.5867,2.21021,162.3
0.95117,14.4742,3.58837,3875.9
0.10571,11.4306,1.50707,32.1
0.81372,17.2925,4.54198,34832.1
0.01807,16.5014,1.76256,57.9
0.00317,20.5036,1.89914,79.3
0.98486,10.5575,1.35197,22.5
0.18481,8.1559,2.33465,216.1
0.86377,5.4891,2.26156,182.6
0.64941,9.3206,3.39391,2476.9
0.50122,10.726,4.1765,15014.2
0.27417,7.0963,1.8086,64.4
0.28345,13.9391,3.85997,7243.9
0.01025,16.7498,2.02933,107.0
0.10522,8.3931,2.38895,244.9
0.01074,6.4123,1.37171,23.5
0.54395,9.4316,4.16442,14602.1
0.00049,0.0059,2.26689,184.9
0.54419,10.1607,3.46352,2907.5
0.85645,2.4854,0.99967,10.0
0.2937,10.5086,3.44982,2817.2
0.04858,12.1273,1.72986,53.7
0.32324,6.6241,2.5524,356.8
0.29224,11.8227,3.36458,2315.2
0.00342,13.8781,1.52677,33.6
0.73779,8.4635,2.829,674.5
0.74927,9.1358,3.95614,9039.5
0.00122,13.6465,1.50005,31.6
0.23071,11.0044,2.61137,408.7
0.05225,16.0087,1.57548,37.6
0.0249,11.0187,1.42663,26.7
0.31445,8.6827,2.69315,493.3
0.2793,9.5171,2.57138,372.7
0.34351,10.1568,3.25516,1799.5
0.24878,13.1852,4.03682,10884.7
0.56445,10.5114,3.48441,3050.8
0.82837,3.9266,2.13178,135.4
0.94727,5.96,2.67888,477.4
0.63672,8.6564,3.36452,2314.8
0.20776,13.6509,3.96712,9270.9
0.32446,14.1066,3.39733,2496.5
0.15503,10.9118,2.73913,548.4
0.00049,0.0058,1.39069,24.6
0.37012,9.573,4.07515,11889.0
0.05518,10.0335,1.93098,85.3
0.05273,12.7682,2.38295,241.5
0.55005,10.3709,4.13472,13637.0
0.86084,4.5593,1.66054,45.8
0.81934,12.4989,4.2415,17438.0
0.09521,10.5515,1.74003,55.0
0.03857,9.5386,1.22172,16.7
0.62354,6.3145,2.77943,601.8
0.87939,11.5184,3.80855,6435.1
0.14502,8.5522,2.3731,236.1
0.27148,13.3767,3.98179,9589.3
0.46191,4.6194,2.35105,224.4
0.99658,12.5256,3.8808,7599.7
0.00024,0.0042,1.315,20.7
0.26953,8.9887,1.93831,86.8
0.00879,10.0974,1.35054,22.4
0.51367,11.785,3.60504,4027.5
0.21118,9.5451,2.61868,415.6
0.56714,10.3617,3.29817,1986.9
0.42456,8.349,1.77395,59.4
0.68799,7.567,3.58702,3863.8
0.99634,22.3225,4.52999,33883.7
0.53882,2.7412,1.19191,15.6
0.95215,7.4381,2.06777,116.9
0.90088,6.9581,4.07927,12002.4
0.84009,10.6903,4.01427,10334.1
0.92017,11.3809,4.08881,12269.1
0.01367,17.08,1.73087,53.8
0.02881,16.2537,2.96041,912.9
0.00269,10.2524,1.21757,16.5
0.22021,7.8569,2.47769,300.4
0.27563,9.2016,3.00783,1018.2
0.06641,18.2143,1.84763,70.4
0.09717,11.7242,2.44522,278.8
0.08618,9.4994,2.24087,174.1
0.00391,9.5317,1.21229,16.3
0.0,0.0,1.15344,14.2
0.4187,14.5201,3.75665,5710.1
0.11597,7.5816,0.91379,8.2
1.0,0.0,4.50567,32038.3
0.10913,13.2296,4.18043,15150.6
0.99878,17.7437,4.50986,32348.8
0.56958,8.5511,3.77316,5931.4
0.00317,7.1316,0.91211,8.2
0.02515,8.8905,1.32676,21.2
0.39697,5.5579,2.06731,116.8
0.04907,11.2634,1.56566,36.8
0.0,0.0,1.12406,13.3
0.92236,13.0194,4.25299,17905.7
0.87085,13.2716,4.22839,16919.5
0.99512,13.2863,3.70524,5072.8
0.21191,14.0731,1.82754,67.2
0.65796,9.3908,4.01689,10396.7
0.979,13.0188,3.89571,7865.2
0.25317,8.2563,2.08539,121.7
0.00513,8.4192,1.36945,23.4
0.26343,7.2598,1.39837,25.0
0.67993,5.8253,2.39711,249.5
0.82349,10.0551,3.94303,8770.5
0.0166,10.1166,1.18197,15.2
0.37549,7.0374,2.47292,297.1
0.01855,11.0465,2.19849,157.9
0.92822,10.5136,4.16314,14559.3
0.85376,6.9906,1.46185,29.0
0.97729,11.6643,3.29807,1986.4
0.24048,10.5056,2.08307,121.1
0.28491,11.9255,3.26496,1840.6
0.99316,13.1718,3.90687,8070.0
0.83228,11.6492,3.91566,8234.9
0.7146,10.5481,3.99195,9816.4
0.021,19.8927,1.97208,93.8
0.4104,6.7021,1.91098,81.5
0.53564,3.9563,1.35121,22.4
0.0498,19.2398,1.83588,68.5
0.08594,8.3342,1.33911,21.8
0.96338,13.4594,3.76721,5850.8
0.20898,4.5527,1.07595,11.9
0.09155,11.6272,1.60344,40.1
0.29199,12.8451,3.78972,6161.9
0.86157,9.5499,3.7105,5134.6
0.84888,13.6364,4.45945,28804.0
0.43652,6.0973,2.3045,201.6
0.98926,7.8779,1.06787,11.7
0.83154,10.4643,3.85552,7170.1
0.03979,19.1486,1.94896,88.9
0.95117,13.0379,3.72763,5341.0
0.0,0.0,0.97385,9.4
0.00464,9.4513,1.03025,10.7
0.81299,6.7641,3.0881,1224.9
0.70142,10.4835,3.40229,2525.2
0.97949,5.7178,2.95615,904.0
0.03564,13.0967,2.84735,703.6
0.21704,11.262,3.08448,1214.7
0.0,0.0,1.38144,24.1
0.0,0.0,1.13553,13.7
0.00879,14.9691,2.17953,151.2
0.45728,8.4892,2.90425,802.1
0.02222,17.181,1.81223,64.9
0.05933,15.7344,1.55707,36.1
0.08423,14.1195,2.53383,341.8
0.49316,5.4332,2.39979,251.1
0.01929,18.8054,1.88471,76.7
1.0,0.0,4.28975,19487.3
0.52368,12.9052,4.3479,22279.4
0.0,0.0,1.07401,11.9
0.94019,5.4799,2.65688,453.8
0.0144,15.654,1.77167,59.1
0.88623,7.9703,2.13095,135.2
0.86279,5.2029,1.00713,10.2
0.07104,5.9377,1.19565,15.7
0.0,0.0,1.02555,10.6
0.01025,12.1987,1.36217,23.0
0.21484,10.5389,3.27499,1883.6
0.00439,10.1619,1.18928,15.5
0.49316,11.2435,4.13972,13794.8
0.38892,13.4037,3.83518,6842.0
0.18481,8.9391,1.88667,77.0
0.99976,0.0033,3.42933,2687.4
0.65747,11.7608,4.38076,24030.3
0.00317,8.3379,1.32777,21.3
0.52515,7.604,2.94914,889.5
0.65942,7.0533,2.60388,401.7
0.15283,8.5978,2.03676,108.8
0.87427,9.6272,1.95502,90.2
0.98389,10.4129,1.21908,16.6
0.57812,8.8977,3.26702,1849.3
0.23926,6.9797,1.62541,42.2
0.55054,8.2808,2.44741,280.2
1.0,0.0,4.29367,19663.9
0.97559,6.2778,2.17537,149.8
0.07178,12.7466,2.05815,114.3
0.97144,14.0397,4.30963,20399.9
0.23706,10.362,3.035,1083.9
0.45825,9.0393,2.9873,971.2
0.98218,11.7842,1.71549,51.9
0.98804,10.2477,3.24559,1760.3
0.02026,12.2605,2.28829,194.2
0.16089,9.162,2.88972,775.7
0.2605,7.7766,2.35589,226.9
0.0896,7.8102,1.19921,15.8
0.89624,9.5838,4.10946,12866.5
0.03369,20.2447,3.43027,2693.2
0.99536,18.3063,4.40372,25334.9
0.09424,13.2069,2.0227,105.4
1.0,0.0,1.93126,85.4
0.99805,9.804,1.39858,25.0
0.68018,6.9195,2.01991,104.7
0.40088,8.3035,2.09071,123.2
0.06396,15.4931,1.57513,37.6
0.04321,14.3099,1.8697,74.1
0.00439,21.206,1.97723,94.9
1.0,0.0,4.03742,10899.9
0.82349,5.9652,2.53345,341.5
0.59717,10.7678,3.89801,7907.0
0.0,0.0,1.08488,12.2
1.0,0.0,1.59158,39.0
0.74927,11.6947,4.38361,24188.4
0.81152,4.691,1.08687,12.2
0.00366,12.9371,1.15684,14.3
0.57153,7.7054,2.79538,624.3
0.10254,9.0967,1.96192,91.6
0.00952,12.3871,1.61251,41.0
0.26416,10.7126,3.12695,1339.5
0.34033,11.5865,3.12828,1343.6
0.04443,11.4062,1.59013,38.9
0.84473,5.9528,2.87242,745.5
0.17603,13.18,2.56458,366.9
0.78027,11.954,3.99562,9899.6
0.04443,6.9181,1.15312,14.2
0.0,0.0,1.7547,56.8
0.90576,7.839,2.96734,927.6
0.0376,10.0028,1.02505,10.6
0.98511,15.5075,3.99259,9830.9
1.0,0.0,4.44019,27554.5
0.05542,12.8859,2.10241,126.6
0.96436,14.3124,3.73349,5413.6
0.28369,7.9574,1.81304,65.0
1.0,0.0,4.36646,23252.1
0.354,5.7301,1.67651,47.5
0.0,0.0,0.92467,8.4
0.0,0.0,1.15253,14.2
0.0061,14.4319,2.57869,379.0
0.00708,11.8493,1.04323,11.0
0.99927,0.0181,4.48464,30523.9
